TRACK_ID,TRACK_NAME,ALBUM_ID,TRACK_RELEASE_DATE,TRACK_COVER
799KrpEbhZp0MHeiA8YK9P,Guilty as Sin?,5H7ixXZfsNMGbIE5OBSpcb,2024-04-19,https://i.scdn.co/image/ab67616d0000b2738ecc33f195df6aa257c39eaa
7wo2UNeQBowm28hfAJsEMz,Birch,3YbMxdapL6mvSQjosFkc0T,2021-08-27,https://i.scdn.co/image/ab67616d0000b273fbab613f887083f7ee11a1de
16MVSD0mGI4RMQT83Qzm69,Should've Said No,7mzrIsaAjnXihW3InKjlC3,2006-10-24,https://i.scdn.co/image/ab67616d0000b2732f8c0fd72a80a93f8c53b96c
5BK0uqwY9DNfZ630STAEaq,gold rush,2Xoteh7uEpea4TohMxjtaq,2020-12-11,https://i.scdn.co/image/ab67616d0000b27333b8541201f1ef38941024be
1ZY1PqizIl78geGM4xWlEA,Gorgeous,6DEjYFkNZh67HP7R9PSZvv,2017-11-10,https://i.scdn.co/image/ab67616d0000b273da5d5aeeabacacc1263c0f4b
3YkNIrAvbKNrrwwEd7NVLl,loml,5H7ixXZfsNMGbIE5OBSpcb,2024-04-19,https://i.scdn.co/image/ab67616d0000b2738ecc33f195df6aa257c39eaa
7bdyzcQ0onk60hfsxDCd2X,Getaway Car - Karaoke Version,1MHuZZrGT36cXLxAQ5cLP3,2018-03-09,https://i.scdn.co/image/ab67616d0000b27305fd6906725e3f12544c2d04
3rWDp9tBPQR9z6U5YyRSK4,Midnight Rain,151w1FgRZfnKZA9FEcg9Z3,2022-10-21,https://i.scdn.co/image/ab67616d0000b273bb54dde68cd23e2a268ae0f5
1SARZTSJ1YeXgImYzpSxef,Tell Me Why - Commentary,3EzFY9Rg0PpbADMth746zi,2008-11-11,https://i.scdn.co/image/ab67616d0000b27360cb9332e8c8c7d8e50854b3
3rnI1UCyGJvUTVvT97VQr5,Tell Me Why,2dqn5yOQWdyGwOpOIi9O4x,2008-11-11,https://i.scdn.co/image/ab67616d0000b2737b25c072237f29ee50025fdc
2D1BGzlocoxwNBBf2nMwMk,Starlight,4jTYApZPMapg56gRycOn0D,2012-10-22,https://i.scdn.co/image/ab67616d0000b2731c248e90c3e569f90aef9dec
1Iq8oo9XkmmvCQiGOfORiz,Is It Over Now? (Taylor's Version) (From The Vault),64LU4c1nfjz1t4VnGhagcg,2023-10-26,https://i.scdn.co/image/ab67616d0000b273904445d70d04eb24d6bb79ac
0AaV4MJrgmLV3XhoiWXjjb,evermore (feat. Bon Iver),5jmVg7rwRcgd6ARPAeYNSm,2020-12-10,https://i.scdn.co/image/ab67616d0000b27325751b4b32829d6bbfe6be7f
1BxfuPKGuaTgP7aM0Bbdwr,Cruel Summer,1NAmidJlEaVgA3MpcPFYGq,2019-08-23,https://i.scdn.co/image/ab67616d0000b273e787cffec20aa2a396a61647
3qoftcUZaUOncvIYjFSPdE,Bejeweled,151w1FgRZfnKZA9FEcg9Z3,2022-10-21,https://i.scdn.co/image/ab67616d0000b273bb54dde68cd23e2a268ae0f5
7wjbSn8QHsxqKXU5M0jXGM,Eyes Open,45nqVXRAW0xv0wpU9JljPN,2012-01-01,https://i.scdn.co/image/ab67616d0000b273d29a5d713277b0b3d517507b
5mdNyCS7ttVcAyVYOIFEjs,my tears ricochet - the long pond studio sessions,0PZ7lAru5FDFHuirTkWe9Z,2020-11-25,https://i.scdn.co/image/ab67616d0000b273045514e3ed4e1767a7c3ece5
6INztpNwOTlfSKTuPo0HOP,The Alcott (feat. Taylor Swift),5Mc6uebYtKnRc5I7bjlNB6,2023-04-28,https://i.scdn.co/image/ab67616d0000b273364c819937072957a9220847
3Z1kZKYfRC8iRXnYeC5sCJ,Everything Has Changed,4jTYApZPMapg56gRycOn0D,2012-10-22,https://i.scdn.co/image/ab67616d0000b2731c248e90c3e569f90aef9dec
7HH8rEmkK5JENnv869MDCz,All Too Well,4jTYApZPMapg56gRycOn0D,2012-10-22,https://i.scdn.co/image/ab67616d0000b2731c248e90c3e569f90aef9dec
6qnM0XXPZOINWA778uNqQ9,Welcome To New York,2QJmrSgbdM35R67eoGQo4j,2014-10-27,https://i.scdn.co/image/ab67616d0000b2739abdf14e6058bd3903686148
1n3b9Eekoy3S9ZSZ5DmTW1,All Too Well (Sad Girl Autumn Version) - Recorded at Long Pond Studios,4qgs0gHJBgycj5SKqafFOB,2021-11-18,https://i.scdn.co/image/ab67616d0000b27370f88b5ee2da16d3f3929fea
5jAIouBES8LWMiriuNq170,State Of Grace (Acoustic Version) (Taylor's Version),6kZ42qRrzov54LcAk4onW9,2021-11-12,https://i.scdn.co/image/ab67616d0000b273318443aab3531a0558e79a4d
5AsmAjBSSQjRPWgAYIp8tm,The Moment I Knew,1KlU96Hw9nlvqpBPlSqcTV,2012-10-22,https://i.scdn.co/image/ab67616d0000b273a7613d346501b828b56a0bc3
0g4fMVo4JjwnIpTfFfLdxS,Cassandra,5H7ixXZfsNMGbIE5OBSpcb,2024-04-19,https://i.scdn.co/image/ab67616d0000b2738ecc33f195df6aa257c39eaa
3oGVx9RBmiYGv5ZCecWLkx,Forever Winter (Taylor's Version) (From The Vault),6kZ42qRrzov54LcAk4onW9,2021-11-12,https://i.scdn.co/image/ab67616d0000b273318443aab3531a0558e79a4d
34V9RiEPe8MNdU32qJsJa1,We Were Happy (Taylor’s Version) (From The Vault),4hDok0OAJd57SGIT8xuWJH,2021-04-09,https://i.scdn.co/image/ab67616d0000b273a48964b5d9a3d6968ae3e0de
3EPgWM1zfTSzEc0z4AwWTM,cardigan - the long pond studio sessions,0PZ7lAru5FDFHuirTkWe9Z,2020-11-25,https://i.scdn.co/image/ab67616d0000b273045514e3ed4e1767a7c3ece5
6N6V2v89hS4N9ossON5f9R,Blank Space - Karaoke Version,0bEySlRAkuPxV9KVWhXXBr,2015-02-01,https://i.scdn.co/image/ab67616d0000b273b98fc11a07f752803fbebea4
1BXM0X5BxyUUOLEf9Rv6uZ,Wildest Dreams - Karaoke Version,0bEySlRAkuPxV9KVWhXXBr,2015-02-01,https://i.scdn.co/image/ab67616d0000b273b98fc11a07f752803fbebea4
5Gd19NupVe5X8bAqxf9Iaz,Gorgeous,47JSuowYYz5j8w2AM6N8w6,2017-10-20,https://i.scdn.co/image/ab67616d0000b2730ee25608d7ab9bed0bd16f1b
1vrd6UOGamcKNGnSHJQlSt,Love Story,2dqn5yOQWdyGwOpOIi9O4x,2008-11-11,https://i.scdn.co/image/ab67616d0000b2737b25c072237f29ee50025fdc
1J22bFnVC6Rmjxby941PDf,The Lucky One - Commentary,4jTYApZPMapg56gRycOn0D,2012-10-22,https://i.scdn.co/image/ab67616d0000b2731c248e90c3e569f90aef9dec
6RJBrG3VHz2hPITjv88chh,Glitch,4894htPwC6zoiuTqUQwn4I,2022-10-21,https://i.scdn.co/image/ab67616d0000b2734a97c76d7b4f6530f439c249
5gRYrtvyVyaCRvLt56OfuV,I Wish You Would,1yGbNOtRIgdIiGHOEBaZWf,2014-01-01,https://i.scdn.co/image/ab67616d0000b27352b2a3824413eefe9e33817a
4JQm7ebhsrt10wmrP6AfXL,I Know Places - Voice Memo,34OkZVpuzBa9y40DCy0LPR,2014-10-27,https://i.scdn.co/image/ab67616d0000b273332d85510aba3eb28312cfb2
2OzhQlSqBEmt7hmkYxfT6m,Fortnight (feat. Post Malone),1Mo4aZ8pdj6L1jx8zSwJnt,2024-04-18,https://i.scdn.co/image/ab67616d0000b2735076e4160d018e378f488c33
2NmsngXHeC1GQ9wWrzhOMf,illicit affairs,2fenSS68JI1h4Fo296JfGr,2020-07-24,https://i.scdn.co/image/ab67616d0000b27395f754318336a07e85ec59bc
2ve0kuaWUCt4Zx8x4bf1MR,Wonderland (Taylor's Version),64LU4c1nfjz1t4VnGhagcg,2023-10-26,https://i.scdn.co/image/ab67616d0000b273904445d70d04eb24d6bb79ac
045ZeOHPIzhxxsm8bq5kyE,Out Of The Woods (Taylor's Version),64LU4c1nfjz1t4VnGhagcg,2023-10-26,https://i.scdn.co/image/ab67616d0000b273904445d70d04eb24d6bb79ac
3uayvzcbqFydIbgUeC6EJh,closure,5jmVg7rwRcgd6ARPAeYNSm,2020-12-10,https://i.scdn.co/image/ab67616d0000b27325751b4b32829d6bbfe6be7f
1DTRUYVd8rYpla9hhVVwjo,The Manuscript,5H7ixXZfsNMGbIE5OBSpcb,2024-04-19,https://i.scdn.co/image/ab67616d0000b2738ecc33f195df6aa257c39eaa
0NRHj8hDwwmSPaA41o379r,The Moment I Knew (Taylor's Version),6kZ42qRrzov54LcAk4onW9,2021-11-12,https://i.scdn.co/image/ab67616d0000b273318443aab3531a0558e79a4d
2vTjAIZbfW7W8NGBOZ5rK5,I Knew You Were Trouble. - Commentary,4jTYApZPMapg56gRycOn0D,2012-10-22,https://i.scdn.co/image/ab67616d0000b2731c248e90c3e569f90aef9dec
4CyL8bBbVRYB0ogadF4aUS,Style - Commentary,6EsTJnpahwW6xX20zvqQgZ,2014-10-27,https://i.scdn.co/image/ab67616d0000b2730432bfd9e6adb616fd8bcc97
4CWLOxjskk6fjixCboD4vJ,Shake It Off - Commentary,6EsTJnpahwW6xX20zvqQgZ,2014-10-27,https://i.scdn.co/image/ab67616d0000b2730432bfd9e6adb616fd8bcc97
4y5bvROuBDPr5fuwXbIBZR,Paper Rings,1NAmidJlEaVgA3MpcPFYGq,2019-08-23,https://i.scdn.co/image/ab67616d0000b273e787cffec20aa2a396a61647
4q5YezDOIPcoLr8R81x9qy,I Can Do It With a Broken Heart,1Mo4aZ8pdj6L1jx8zSwJnt,2024-04-18,https://i.scdn.co/image/ab67616d0000b2735076e4160d018e378f488c33
05kJkr80XEaZeN8kxyQoFp,Lavender Haze - Acoustic Version,6eKdbTio5viiwJ5FE5J8wU,2023-03-31,https://i.scdn.co/image/ab67616d0000b273f233c37dddd971caf61515cf
4ABYxlb92WBIjHu7TIKmml,Castles Crumbling (feat. Hayley Williams) (Taylor’s Version) (From The Vault),5AEDGbliTTfjOB8TSm1sxt,2023-07-07,https://i.scdn.co/image/ab67616d0000b2730b04da4f224b51ff86e0a481
3hUxzQpSfdDqwM3ZTFQY0K,august,2fenSS68JI1h4Fo296JfGr,2020-07-24,https://i.scdn.co/image/ab67616d0000b27395f754318336a07e85ec59bc
1kbEbBdEgQdQeLXCJh28pJ,Down Bad,5H7ixXZfsNMGbIE5OBSpcb,2024-04-19,https://i.scdn.co/image/ab67616d0000b2738ecc33f195df6aa257c39eaa
5chnRTB9qMK3W1M41SnU9s,I Can Fix Him (No Really I Can),5H7ixXZfsNMGbIE5OBSpcb,2024-04-19,https://i.scdn.co/image/ab67616d0000b2738ecc33f195df6aa257c39eaa
05GsNucq8Bngd9fnd4fRa0,Begin Again (Taylor's Version),6kZ42qRrzov54LcAk4onW9,2021-11-12,https://i.scdn.co/image/ab67616d0000b273318443aab3531a0558e79a4d
0OAHsZ8vrS2NKom3cvfJQD,Mine - POP Mix,6S6JQWzUrJVcJLK4fi74Fw,2010-01-01,https://i.scdn.co/image/ab67616d0000b273e1bc852a04501952c765d5cd
5qD1xj5lXOaX1ZDpVKZeF3,Sad Beautiful Tragic,4jTYApZPMapg56gRycOn0D,2012-10-22,https://i.scdn.co/image/ab67616d0000b2731c248e90c3e569f90aef9dec
5RaBeejGtdPEszYEKYECs2,Love Story (Taylor's Version) - Elvira Remix,3x4gaf5IPyFQNrxZY07CXA,2021-03-23,https://i.scdn.co/image/ab67616d0000b273f2d3584898505ffee9cacfde
1SmiQ65iSAbPto6gPFlBYm,It’s Nice To Have A Friend,1NAmidJlEaVgA3MpcPFYGq,2019-08-23,https://i.scdn.co/image/ab67616d0000b273e787cffec20aa2a396a61647
4yyKppX85ZkmlGOC2toBZA,epiphany - the long pond studio sessions,0PZ7lAru5FDFHuirTkWe9Z,2020-11-25,https://i.scdn.co/image/ab67616d0000b273045514e3ed4e1767a7c3ece5
4t0OI7XrODjSkAu3bTPmWj,Fifteen,2dqn5yOQWdyGwOpOIi9O4x,2008-11-11,https://i.scdn.co/image/ab67616d0000b2737b25c072237f29ee50025fdc
1rmEsOezwf2lmIZTMAO5Ag,Chloe or Sam or Sophia or Marcus,5H7ixXZfsNMGbIE5OBSpcb,2024-04-19,https://i.scdn.co/image/ab67616d0000b2738ecc33f195df6aa257c39eaa
1hm4V38egkiHOgxTUpu0zg,betty - Live from the 2020 Academy of Country Music Awards,27cx8eVCV4xMwJEYJNl1nw,2020-09-21,https://i.scdn.co/image/ab67616d0000b273d7004b0da78a8aefa965ca55
71IScwIe7bcIlpnlkbKVQw,Santa Baby,7vzYp7FrKnTRoktBYsx9SF,2008-12-02,https://i.scdn.co/image/ab67616d0000b2732a0face7d69df61c20a6db2b
0cqRj7pUJDkTCEsJkx8snD,Shake It Off,1yGbNOtRIgdIiGHOEBaZWf,2014-01-01,https://i.scdn.co/image/ab67616d0000b27352b2a3824413eefe9e33817a
64FIHbthA4RhBv6fL6DGBO,Welcome To New York - Karaoke Version,0bEySlRAkuPxV9KVWhXXBr,2015-02-01,https://i.scdn.co/image/ab67616d0000b273b98fc11a07f752803fbebea4
0ISHfeb30gj4CSWUZYuesj,Cruel Summer - LP Giobbi Remix - Extended Version,12A1Byk8EpqzaHSw12nKyW,2023-10-19,https://i.scdn.co/image/ab67616d0000b273905c0872bdf4e1787a6bb5da
4IQkfUsrwXol38VV3U7t7T,Run (feat. Ed Sheeran) (Taylor’s Version) (From The Vault),6kZ42qRrzov54LcAk4onW9,2021-11-12,https://i.scdn.co/image/ab67616d0000b273318443aab3531a0558e79a4d
2KrOAg6FftbjgSKdd2a4rS,You Are In Love,1yGbNOtRIgdIiGHOEBaZWf,2014-01-01,https://i.scdn.co/image/ab67616d0000b27352b2a3824413eefe9e33817a
7KokYm8cMIXCsGVmUvKtqf,Karma,151w1FgRZfnKZA9FEcg9Z3,2022-10-21,https://i.scdn.co/image/ab67616d0000b273bb54dde68cd23e2a268ae0f5
2BDqAaVKzQDnoVPZbdp68D,You Belong With Me - Commentary,3EzFY9Rg0PpbADMth746zi,2008-11-11,https://i.scdn.co/image/ab67616d0000b27360cb9332e8c8c7d8e50854b3
1fzAuUVbzlhZ1lJAx9PtY6,Daylight,1NAmidJlEaVgA3MpcPFYGq,2019-08-23,https://i.scdn.co/image/ab67616d0000b273e787cffec20aa2a396a61647
6dODwocEuGzHAavXqTbwHv,Fortnight (feat. Post Malone),5H7ixXZfsNMGbIE5OBSpcb,2024-04-19,https://i.scdn.co/image/ab67616d0000b2738ecc33f195df6aa257c39eaa
5kI4eCXXzyuIUXjQra0Cxi,betty,2fenSS68JI1h4Fo296JfGr,2020-07-24,https://i.scdn.co/image/ab67616d0000b27395f754318336a07e85ec59bc
1mh5dObNoOvCfHmXnhvDEK,betty - the long pond studio sessions,0PZ7lAru5FDFHuirTkWe9Z,2020-11-25,https://i.scdn.co/image/ab67616d0000b273045514e3ed4e1767a7c3ece5
4s8BIKx4Zh6ryAEz8RTlaU,Foolish One (Taylor’s Version) (From The Vault),5AEDGbliTTfjOB8TSm1sxt,2023-07-07,https://i.scdn.co/image/ab67616d0000b2730b04da4f224b51ff86e0a481
13tYZVTtzLUJTlM7m1ivbi,New Year's Day - Karaoke Version,1MHuZZrGT36cXLxAQ5cLP3,2018-03-09,https://i.scdn.co/image/ab67616d0000b27305fd6906725e3f12544c2d04
5g7RMU3cV7zXWH244BLe7G,Fearless - Live From Clear Channel Stripped 2008,1ycoesYxIFymXWebfmz828,2008-06-28,https://i.scdn.co/image/ab67616d0000b273c031e8322b3e8684536ed6d0
1XjHRolIXL2M1EEOUsGGR4,cowboy like me,2Xoteh7uEpea4TohMxjtaq,2020-12-11,https://i.scdn.co/image/ab67616d0000b27333b8541201f1ef38941024be
0zo975x58DlXbZllWvfYhg,When Emma Falls in Love (Taylor’s Version) (From The Vault),5AEDGbliTTfjOB8TSm1sxt,2023-07-07,https://i.scdn.co/image/ab67616d0000b2730b04da4f224b51ff86e0a481
5eGX87IiKsGuzS3iw4CfCX,September - Recorded at The Tracking Room Nashville,74utZeTCeaXy01BjOddyv8,2018-04-13,https://i.scdn.co/image/ab67616d0000b273bae8f095c58e137855f6d230
6505MLhnqTDDg4tjoUz2Wp,Better Than Revenge - Live/2011,6fyR4wBPwLHKcRtxgd4sGh,2010-10-25,https://i.scdn.co/image/ab67616d0000b273be4ec62353ee75fa11f6d6f7
6KJqZcs9XDgVck7Lg9QOTC,seven,2fenSS68JI1h4Fo296JfGr,2020-07-24,https://i.scdn.co/image/ab67616d0000b27395f754318336a07e85ec59bc
7I7JbDv63ZJJsSi24DyJrz,Dancing With Our Hands Tied,6DEjYFkNZh67HP7R9PSZvv,2017-11-10,https://i.scdn.co/image/ab67616d0000b273da5d5aeeabacacc1263c0f4b
5zOKuItOTZhRCGtPrDYmlj,"Macavity - From The Motion Picture Soundtrack ""Cats""",3OjtXmDVcfHAjJOS3xBoYU,2019-12-20,https://i.scdn.co/image/ab67616d0000b27370d80ce758278c0ac3a63d9e
5G9AVKld9q7DCrmoY42raf,State Of Grace - Acoustic,1KlU96Hw9nlvqpBPlSqcTV,2012-10-22,https://i.scdn.co/image/ab67616d0000b273a7613d346501b828b56a0bc3
1n2wszmJyVkw6FHqyLnQsY,Come In With The Rain (Taylor’s Version),4hDok0OAJd57SGIT8xuWJH,2021-04-09,https://i.scdn.co/image/ab67616d0000b273a48964b5d9a3d6968ae3e0de
77sMIMlNaSURUAXq5coCxE,Fearless (Taylor’s Version),4hDok0OAJd57SGIT8xuWJH,2021-04-09,https://i.scdn.co/image/ab67616d0000b273a48964b5d9a3d6968ae3e0de
633FwmKmrHWn6sLTL3db72,Everything Has Changed - Commentary,4jTYApZPMapg56gRycOn0D,2012-10-22,https://i.scdn.co/image/ab67616d0000b2731c248e90c3e569f90aef9dec
0vVMlbdYx2080Oa9FndPZr,long story short,5jmVg7rwRcgd6ARPAeYNSm,2020-12-10,https://i.scdn.co/image/ab67616d0000b27325751b4b32829d6bbfe6be7f
0qUnBLZ8bJqUNEeQgayL9t,Out Of The Woods,1yGbNOtRIgdIiGHOEBaZWf,2014-01-01,https://i.scdn.co/image/ab67616d0000b27352b2a3824413eefe9e33817a
3ZfvKQxJp4zZshiJsRPoD1,Dancing With Our Hands Tied - Karaoke Version,1MHuZZrGT36cXLxAQ5cLP3,2018-03-09,https://i.scdn.co/image/ab67616d0000b27305fd6906725e3f12544c2d04
0tDfp0vFR95Gg6Mrhza3lX,Call It What You Want,0ICJdYOVS6YkyouaWvt47i,2017-11-03,https://i.scdn.co/image/ab67616d0000b2737680064ad5b180593b3658af
75W3SngKzTuoQ94uLf3y82,How You Get The Girl (Taylor's Version),64LU4c1nfjz1t4VnGhagcg,2023-10-26,https://i.scdn.co/image/ab67616d0000b273904445d70d04eb24d6bb79ac
550erGcdD9n6PnwxrvYqZT,Hey Stephen (Taylor’s Version),4hDok0OAJd57SGIT8xuWJH,2021-04-09,https://i.scdn.co/image/ab67616d0000b273a48964b5d9a3d6968ae3e0de
6IH2Z54gYPLqgJtxZjX80i,Back To December - Acoustic,5EpMjweRD573ASl7uNiHym,2010-10-25,https://i.scdn.co/image/ab67616d0000b2732e4ec3175d848eca7b76b07f
2evEoQAhIMaa9PfjTT5skG,"Beautiful Ghosts - From The Motion Picture Soundtrack ""Cats""",3OjtXmDVcfHAjJOS3xBoYU,2019-12-20,https://i.scdn.co/image/ab67616d0000b27370d80ce758278c0ac3a63d9e
3hlGuz3loYoLfI3bpwieWq,I Hate It Here,5H7ixXZfsNMGbIE5OBSpcb,2024-04-19,https://i.scdn.co/image/ab67616d0000b2738ecc33f195df6aa257c39eaa
1GwMQaZz6Au3QLDbjbMdme,Call It What You Want,6DEjYFkNZh67HP7R9PSZvv,2017-11-10,https://i.scdn.co/image/ab67616d0000b273da5d5aeeabacacc1263c0f4b
3NdDpSvN911VPGivFlV5d0,"I Don’t Wanna Live Forever (Fifty Shades Darker) - From ""Fifty Shades Darker (Original Motion Picture Soundtrack)""",5MxXY7DbFMUiHFTPUabgJJ,2016-12-09,https://i.scdn.co/image/ab67616d0000b2732ae921f082ae5db4d3da818f
65Qlzn7TKGgxkG7phza1qQ,Safe & Sound,7FfuPFdOrRN44WZQQxj75M,2011-01-01,https://i.scdn.co/image/ab67616d0000b273c94ac562e3fb5107ab766370
12M5uqx0ZuwkpLp5rJim1a,Cornelia Street,1NAmidJlEaVgA3MpcPFYGq,2019-08-23,https://i.scdn.co/image/ab67616d0000b273e787cffec20aa2a396a61647
2vPMoMDXxu9uX1igWZmXSG,New Romantics (Taylor's Version),64LU4c1nfjz1t4VnGhagcg,2023-10-26,https://i.scdn.co/image/ab67616d0000b273904445d70d04eb24d6bb79ac
0VE4kBnHJUgtMf0dy6DRmW,Getaway Car,6DEjYFkNZh67HP7R9PSZvv,2017-11-10,https://i.scdn.co/image/ab67616d0000b273da5d5aeeabacacc1263c0f4b
560uQyz3p5G9WdnMX39xc6,illicit affairs - the long pond studio sessions,0PZ7lAru5FDFHuirTkWe9Z,2020-11-25,https://i.scdn.co/image/ab67616d0000b273045514e3ed4e1767a7c3ece5
68QyrSzpnoU04AAhE5z8lj,Ours - Live/2011,6fyR4wBPwLHKcRtxgd4sGh,2010-10-25,https://i.scdn.co/image/ab67616d0000b273be4ec62353ee75fa11f6d6f7
7hZuICN5eaCuQyp443RCt6,Dear John,5MfAxS5zz8MlfROjGQVXhy,2010-10-25,https://i.scdn.co/image/ab67616d0000b273e11a75a2f2ff39cec788a015
0dBW6ZsW8skfvoRfgeerBF,Mine,5MfAxS5zz8MlfROjGQVXhy,2010-10-25,https://i.scdn.co/image/ab67616d0000b273e11a75a2f2ff39cec788a015
2ZoOmCSgj0ypVAmGd1ve4y,Stay Beautiful,7mzrIsaAjnXihW3InKjlC3,2006-10-24,https://i.scdn.co/image/ab67616d0000b2732f8c0fd72a80a93f8c53b96c
5Ct2PYPUSogyWvbV40k9Bf,Our Song - International Mix,08CWGiv27MVQhYpuTtvx83,2008-11-11,https://i.scdn.co/image/ab67616d0000b273516c279fe91ae3f6a79b23da
5GPwN5iZ9ZMSXAkppj4Uvv,Innocent,5MfAxS5zz8MlfROjGQVXhy,2010-10-25,https://i.scdn.co/image/ab67616d0000b273e11a75a2f2ff39cec788a015
7Mts0OfPorF4iwOomvfqn1,So High School,5H7ixXZfsNMGbIE5OBSpcb,2024-04-19,https://i.scdn.co/image/ab67616d0000b2738ecc33f195df6aa257c39eaa
12xIjI9A9UlB6zEc7kyZ06,"Carolina - ""Where The Crawdads Sing"" - Video Edition",5Bwg2XxrjTlrNy6BC7KQZf,2022-06-24,https://i.scdn.co/image/ab67616d0000b2732c683c1b9fa1b711499408f7
1Qicm51crXMvUuH4SMjobT,Style - Karaoke Version,0bEySlRAkuPxV9KVWhXXBr,2015-02-01,https://i.scdn.co/image/ab67616d0000b273b98fc11a07f752803fbebea4
2f0GI2ZLUtbGqFx8t2Gk6A,I Know Places (Taylor's Version),64LU4c1nfjz1t4VnGhagcg,2023-10-26,https://i.scdn.co/image/ab67616d0000b273904445d70d04eb24d6bb79ac
6xlCHgsZanRIBaS3yokshA,Treacherous,4jTYApZPMapg56gRycOn0D,2012-10-22,https://i.scdn.co/image/ab67616d0000b2731c248e90c3e569f90aef9dec
2GZNZLMvT3gjCEPd6NNvvQ,Love Story - Instrumental with BGV,1CYlmaXajTC59VJWSSeE7Y,2008-11-11,https://i.scdn.co/image/ab67616d0000b2733aaff042743bac0fdec793fc
2IprIjGNRlj3TfqUWCAo0C,Last Christmas,7vzYp7FrKnTRoktBYsx9SF,2008-12-02,https://i.scdn.co/image/ab67616d0000b2732a0face7d69df61c20a6db2b
1yACRKAwlXWhXXFUSkvzhD,Change,2dqn5yOQWdyGwOpOIi9O4x,2008-11-11,https://i.scdn.co/image/ab67616d0000b2737b25c072237f29ee50025fdc
2fgiBCtbWo8pijF6M7pN1i,The Archer - Live From Paris,2A1msASmUbUdaZyeOxpbAD,2020-05-17,https://i.scdn.co/image/ab67616d0000b273cde19bd5377f06eb0bca3256
4zmKGsrXjLmljb5fTaBTot,Snow On The Beach (feat. More Lana Del Rey),1fnJ7k0bllNfL1kVdNVW1A,2023-05-26,https://i.scdn.co/image/ab67616d0000b273fa747621a53c8e2cc436dee0
2CnjDMdpRjlWv04Xk3s6MW,Robin,5H7ixXZfsNMGbIE5OBSpcb,2024-04-19,https://i.scdn.co/image/ab67616d0000b2738ecc33f195df6aa257c39eaa
28tIMaewZuGR8urkvFhQyA,the last great american dynasty - the long pond studio sessions,0PZ7lAru5FDFHuirTkWe9Z,2020-11-25,https://i.scdn.co/image/ab67616d0000b273045514e3ed4e1767a7c3ece5
4QMgEffJQuKtjCNvqfRZ0m,But Daddy I Love Him,5H7ixXZfsNMGbIE5OBSpcb,2024-04-19,https://i.scdn.co/image/ab67616d0000b2738ecc33f195df6aa257c39eaa
04xrhDrQ2WOW8GLwu7kbc0,mad woman - the long pond studio sessions,0PZ7lAru5FDFHuirTkWe9Z,2020-11-25,https://i.scdn.co/image/ab67616d0000b273045514e3ed4e1767a7c3ece5
2QrQCMel6v2JiLxqrg4p2O,Mary's Song (Oh My My My),7mzrIsaAjnXihW3InKjlC3,2006-10-24,https://i.scdn.co/image/ab67616d0000b2732f8c0fd72a80a93f8c53b96c
3oF7Or7T35yhQbGxbCGvRX,Death By A Thousand Cuts - Live From Paris,5nDpkszadFMGW6ZSYM9Q1V,2020-05-17,https://i.scdn.co/image/ab67616d0000b2737864c044d3fa4ac3814ca667
0MtU9ETYyVX8YPBDCYPdMb,This Is Why We Can't Have Nice Things - Karaoke Version,1MHuZZrGT36cXLxAQ5cLP3,2018-03-09,https://i.scdn.co/image/ab67616d0000b27305fd6906725e3f12544c2d04
2913xXOVAIDAqxzV2g4VcU,The Bolter,5H7ixXZfsNMGbIE5OBSpcb,2024-04-19,https://i.scdn.co/image/ab67616d0000b2738ecc33f195df6aa257c39eaa
3RBluWmSoG2pGA1OePzGJI,The Story Of Us,5MfAxS5zz8MlfROjGQVXhy,2010-10-25,https://i.scdn.co/image/ab67616d0000b273e11a75a2f2ff39cec788a015
6rZVy6FIG7lSJQMFXHo12z,New Romantics,34OkZVpuzBa9y40DCy0LPR,2014-10-27,https://i.scdn.co/image/ab67616d0000b273332d85510aba3eb28312cfb2
2o2sgVJIgFXk8GQjWTgI6U,long story short,2Xoteh7uEpea4TohMxjtaq,2020-12-11,https://i.scdn.co/image/ab67616d0000b27333b8541201f1ef38941024be
0ThxqUZ9PwS6n0UT5i1XH6,Lavender Haze - Jungle Remix,5LyzI39gkePgpHz38bEQIr,2023-03-03,https://i.scdn.co/image/ab67616d0000b273f7c84273e5c8ecb7594b4357
1hR8BSuEqPCCZfv93zzzz9,Welcome To New York (Taylor's Version),64LU4c1nfjz1t4VnGhagcg,2023-10-26,https://i.scdn.co/image/ab67616d0000b273904445d70d04eb24d6bb79ac
0y6kdSRCVQhSsHSpWvTUm7,The Last Time (feat. Gary Lightbody of Snow Patrol) (Taylor’s Version),6kZ42qRrzov54LcAk4onW9,2021-11-12,https://i.scdn.co/image/ab67616d0000b273318443aab3531a0558e79a4d
36a08nLG1xazGaaVKK0vv7,You Need To Calm Down - Live From Paris,1w1zVWd1JmsqAgfCw117Ra,2020-05-17,https://i.scdn.co/image/ab67616d0000b2738546aa90c89127a13f02c73d
07NxDD1iKCHbAldceD7QLP,This Is Why We Can't Have Nice Things,6DEjYFkNZh67HP7R9PSZvv,2017-11-10,https://i.scdn.co/image/ab67616d0000b273da5d5aeeabacacc1263c0f4b
2dgFqt3w9xIQRjhPtwNk3D,Death By A Thousand Cuts,1NAmidJlEaVgA3MpcPFYGq,2019-08-23,https://i.scdn.co/image/ab67616d0000b273e787cffec20aa2a396a61647
7FmYn9e7KHMXcxqGSj9LjH,Mastermind,151w1FgRZfnKZA9FEcg9Z3,2022-10-21,https://i.scdn.co/image/ab67616d0000b273bb54dde68cd23e2a268ae0f5
7yndkPYP6YQQLBpPsizDfh,Mine - Live/2011,6fyR4wBPwLHKcRtxgd4sGh,2010-10-25,https://i.scdn.co/image/ab67616d0000b273be4ec62353ee75fa11f6d6f7
0heeNYlwOGuUSe7TgUD27B,Question...?,151w1FgRZfnKZA9FEcg9Z3,2022-10-21,https://i.scdn.co/image/ab67616d0000b273bb54dde68cd23e2a268ae0f5
4WrJR6LJ8MtIxouKHUkTEM,Out Of The Woods - Karaoke Version,0bEySlRAkuPxV9KVWhXXBr,2015-02-01,https://i.scdn.co/image/ab67616d0000b273b98fc11a07f752803fbebea4
1dhMTsEZz6ZEquGvmzVoHn,The Alchemy,1Mo4aZ8pdj6L1jx8zSwJnt,2024-04-18,https://i.scdn.co/image/ab67616d0000b2735076e4160d018e378f488c33
6PPbs1c7f7Ove5JHUPmNZ2,"Beautiful Ghosts - From The Motion Picture Soundtrack ""Cats""",59YCk9wEnWWopdzu4Yh1dJ,2019-11-15,https://i.scdn.co/image/ab67616d0000b273c81d7a321a00c1e04df060b8
6NFyWDv5CjfwuzoCkw47Xf,Delicate,6DEjYFkNZh67HP7R9PSZvv,2017-11-10,https://i.scdn.co/image/ab67616d0000b273da5d5aeeabacacc1263c0f4b
0DMVrlMUn01M0IcpDbwgu7,Girl At Home (Taylor's Version),6kZ42qRrzov54LcAk4onW9,2021-11-12,https://i.scdn.co/image/ab67616d0000b273318443aab3531a0558e79a4d
1VPHQriwOsy5aGHLwwZyho,Call It What You Want - Karaoke Version,1MHuZZrGT36cXLxAQ5cLP3,2018-03-09,https://i.scdn.co/image/ab67616d0000b27305fd6906725e3f12544c2d04
6F67FNdOBNMFzxdj1CQ5pL,Lavender Haze - Snakehips Remix,5LyzI39gkePgpHz38bEQIr,2023-03-03,https://i.scdn.co/image/ab67616d0000b273f7c84273e5c8ecb7594b4357
1Z79tpetXTqujnp0UYOV7V,All You Had To Do Was Stay - Commentary,6EsTJnpahwW6xX20zvqQgZ,2014-10-27,https://i.scdn.co/image/ab67616d0000b2730432bfd9e6adb616fd8bcc97
0JIdBrXGSJXS72zjF9ss9u,I'm Only Me When I'm With You,7mzrIsaAjnXihW3InKjlC3,2006-10-24,https://i.scdn.co/image/ab67616d0000b2732f8c0fd72a80a93f8c53b96c
06WgOCf0LV2h4keYXDRnuh,Clean,2QJmrSgbdM35R67eoGQo4j,2014-10-27,https://i.scdn.co/image/ab67616d0000b2739abdf14e6058bd3903686148
3i9UVldZOE0aD0JnyfAZZ0,Lover (Remix) [feat. Shawn Mendes],2UfvnX1YYeC2cExMQTMbXC,2019-11-13,https://i.scdn.co/image/ab67616d0000b27359457bdb1edb5c6417f3baa2
1Fj0T1XKuhRu7EZzJ7NJIK,Delicate - Recorded at The Tracking Room Nashville,74utZeTCeaXy01BjOddyv8,2018-04-13,https://i.scdn.co/image/ab67616d0000b273bae8f095c58e137855f6d230
5iZzl5YlcJaEZjFCcv9j2h,Holy Ground,4jTYApZPMapg56gRycOn0D,2012-10-22,https://i.scdn.co/image/ab67616d0000b2731c248e90c3e569f90aef9dec
1Ygm9KdH3wbzDekO8JgxcW,...Ready For It? - BloodPop® Remix,45fMDoh9dhhQicddIZzhKM,2017-12-01,https://i.scdn.co/image/ab67616d0000b273d41ccf8f43721c045a969300
3oKMl2tJv4fdidkXUYMI5x,This Love,2QJmrSgbdM35R67eoGQo4j,2014-10-27,https://i.scdn.co/image/ab67616d0000b2739abdf14e6058bd3903686148
1P17dC1amhFzptugyAO7Il,Look What You Made Me Do,6DEjYFkNZh67HP7R9PSZvv,2017-11-10,https://i.scdn.co/image/ab67616d0000b273da5d5aeeabacacc1263c0f4b
3fGnrtrtL1IHSX9t4DKOYf,Cornelia Street - Live From Paris,4CF0YV0iNyfKoDt9jHbGj7,2020-05-18,https://i.scdn.co/image/ab67616d0000b273eec5bf14fcf7c92ec8166027
14Bljc3pOOG0xQX3wqhLN9,SuperStar,43OpbkiiIxJO8ktIB777Nn,2008-11-11,https://i.scdn.co/image/ab67616d0000b27334e5885465afc8a497ac1b7e
2Eeur20xVqfUoM3Q7EFPFt,the last great american dynasty,2fenSS68JI1h4Fo296JfGr,2020-07-24,https://i.scdn.co/image/ab67616d0000b27395f754318336a07e85ec59bc
6XDBA3QWX51lDJ0oZbaJJN,Long Live,5MfAxS5zz8MlfROjGQVXhy,2010-10-25,https://i.scdn.co/image/ab67616d0000b273e11a75a2f2ff39cec788a015
1yVVoBDzSkFkZRWtq9x3u1,All Too Well - Commentary,4jTYApZPMapg56gRycOn0D,2012-10-22,https://i.scdn.co/image/ab67616d0000b2731c248e90c3e569f90aef9dec
0C5x4DoaPegrWqchk4SuLu,Wildest Dreams - Commentary,6EsTJnpahwW6xX20zvqQgZ,2014-10-27,https://i.scdn.co/image/ab67616d0000b2730432bfd9e6adb616fd8bcc97
3m4mW6nG5V94FkGBE1YvRG,The Lucky One,4jTYApZPMapg56gRycOn0D,2012-10-22,https://i.scdn.co/image/ab67616d0000b2731c248e90c3e569f90aef9dec
4MGexoZc12lqE0hYkq9YYx,august - the long pond studio sessions,0PZ7lAru5FDFHuirTkWe9Z,2020-11-25,https://i.scdn.co/image/ab67616d0000b273045514e3ed4e1767a7c3ece5
1aBJNc2thaKyh5THWzIqHX,Sparks Fly - Live/2011,6fyR4wBPwLHKcRtxgd4sGh,2010-10-25,https://i.scdn.co/image/ab67616d0000b273be4ec62353ee75fa11f6d6f7
4DjevQhsPWULcondN4mRh5,Teardrops On My Guitar - Live From Clear Channel Stripped 2008,1ycoesYxIFymXWebfmz828,2008-06-28,https://i.scdn.co/image/ab67616d0000b273c031e8322b3e8684536ed6d0
273dCMFseLcVsoSWx59IoE,Bad Blood,2QJmrSgbdM35R67eoGQo4j,2014-10-27,https://i.scdn.co/image/ab67616d0000b2739abdf14e6058bd3903686148
4XiypEn8iKbeP1TbTqdfk5,Anti-Hero - Roosevelt Remix,7irmI5g3OLC1gUXlxysOWt,2022-11-11,https://i.scdn.co/image/ab67616d0000b2739954fa9f0ba8534c3897b59d
7dW84mWkdWE5a6lFWxJCBG,‘tis the damn season,2Xoteh7uEpea4TohMxjtaq,2020-12-11,https://i.scdn.co/image/ab67616d0000b27333b8541201f1ef38941024be
2RJnNdu4pb3MypbBroHU0T,Safe & Sound (feat. Joy Williams and John Paul White) (Taylor’s Version),4eZKjfeKPSwd6NYsmlKjuR,2021-11-12,https://i.scdn.co/image/ab67616d0000b2734f719ea76d1b7048664b8fec
3tGq7hWDCtrnL83y5OGual,Message In A Bottle (Fat Max G Remix) (Taylor’s Version),6d8IUfMwq7HGCnR2efXjdm,2022-01-21,https://i.scdn.co/image/ab67616d0000b273e53252ce47982a3d555a6b3b
01QdEx6kFr78ZejhQtWR5m,Forever & Always (Piano Version) (Taylor’s Version),4hDok0OAJd57SGIT8xuWJH,2021-04-09,https://i.scdn.co/image/ab67616d0000b273a48964b5d9a3d6968ae3e0de
4txojlesMFQZGWxwz2EeqB,"Would've, Could've, Should've",1fnJ7k0bllNfL1kVdNVW1A,2023-05-26,https://i.scdn.co/image/ab67616d0000b273fa747621a53c8e2cc436dee0
51A8eKvvZz9uydvIZ7xRSV,Superstar (Taylor’s Version),4hDok0OAJd57SGIT8xuWJH,2021-04-09,https://i.scdn.co/image/ab67616d0000b273a48964b5d9a3d6968ae3e0de
1Zai5UJ2di3qEuR2HeT2s8,I Look in People's Windows,5H7ixXZfsNMGbIE5OBSpcb,2024-04-19,https://i.scdn.co/image/ab67616d0000b2738ecc33f195df6aa257c39eaa
7vBNFh3NIZTj6tB5s1IBjE,marjorie,5jmVg7rwRcgd6ARPAeYNSm,2020-12-10,https://i.scdn.co/image/ab67616d0000b27325751b4b32829d6bbfe6be7f
1P5QpwOgXJuoVTm3CWbnLY,Today Was A Fairytale - US Version,2JK0T590oG0pJckY9HRniL,2010-01-01,https://i.scdn.co/image/ab67616d0000b27393b047c75268dd2847187910
1dGr1c8CrMLDpV6mPbImSI,Lover,1NAmidJlEaVgA3MpcPFYGq,2019-08-23,https://i.scdn.co/image/ab67616d0000b273e787cffec20aa2a396a61647
4WXzzCof26KJLTK5kK53dS,Hey Stephen,2dqn5yOQWdyGwOpOIi9O4x,2008-11-11,https://i.scdn.co/image/ab67616d0000b2737b25c072237f29ee50025fdc
1zz0XSmHCFd57ne04UAp38,Look What You Made Me Do - Karaoke Version,1MHuZZrGT36cXLxAQ5cLP3,2018-03-09,https://i.scdn.co/image/ab67616d0000b27305fd6906725e3f12544c2d04
1tuNqJOtRQVHvONR8Lg3MZ,The Alchemy,5H7ixXZfsNMGbIE5OBSpcb,2024-04-19,https://i.scdn.co/image/ab67616d0000b2738ecc33f195df6aa257c39eaa
4Sib57MmYGJzSvkW84jTwh,ME! (feat. Brendon Urie of Panic! At The Disco),0WGakTFs8cnggcYsHjIhgy,2019-04-26,https://i.scdn.co/image/ab67616d0000b27351e4bcd72f4d8c30111f5a4b
10nqz67NQWWa7XPq7ycihi,Welcome To New York,5fy0X0JmZRZnVa2UEicIOl,2014-01-01,https://i.scdn.co/image/ab67616d0000b273b7e976d2b35c767f9012cb72
36t6frENUtCYKuZus6aYDO,Who’s Afraid of Little Old Me?,1Mo4aZ8pdj6L1jx8zSwJnt,2024-04-18,https://i.scdn.co/image/ab67616d0000b2735076e4160d018e378f488c33
5BYl3SodS3rGmafWXRWmB7,The Great War,4894htPwC6zoiuTqUQwn4I,2022-10-21,https://i.scdn.co/image/ab67616d0000b2734a97c76d7b4f6530f439c249
55mh9j2aB7xZ1Oh463gK8k,Better Than Revenge,6S6JQWzUrJVcJLK4fi74Fw,2010-01-01,https://i.scdn.co/image/ab67616d0000b273e1bc852a04501952c765d5cd
5KD6AEm19QnMbfWpfoOHMl,Now That We Don't Talk (Taylor's Version) (From The Vault),64LU4c1nfjz1t4VnGhagcg,2023-10-26,https://i.scdn.co/image/ab67616d0000b273904445d70d04eb24d6bb79ac
2CYVETnhM9aytqrazYYwrK,Mr. Perfectly Fine (Taylor’s Version) (From The Vault),4hDok0OAJd57SGIT8xuWJH,2021-04-09,https://i.scdn.co/image/ab67616d0000b273a48964b5d9a3d6968ae3e0de
0fAbfDiuQiUwV7FUcFfRGY,Mine - POP Mix,5EpMjweRD573ASl7uNiHym,2010-10-25,https://i.scdn.co/image/ab67616d0000b2732e4ec3175d848eca7b76b07f
3sqrvkNC6IPTIXvvbx9Arw,Enchanted,6S6JQWzUrJVcJLK4fi74Fw,2010-01-01,https://i.scdn.co/image/ab67616d0000b273e1bc852a04501952c765d5cd
1u8c2t2Cy7UBoG4ArRcF5g,Blank Space,1yGbNOtRIgdIiGHOEBaZWf,2014-01-01,https://i.scdn.co/image/ab67616d0000b27352b2a3824413eefe9e33817a
0ZNU020wNYvgW84iljPkPP,mirrorball,2fenSS68JI1h4Fo296JfGr,2020-07-24,https://i.scdn.co/image/ab67616d0000b27395f754318336a07e85ec59bc
10GRRCR5fctuOF4GFmATJI,Dear Reader,1fnJ7k0bllNfL1kVdNVW1A,2023-05-26,https://i.scdn.co/image/ab67616d0000b273fa747621a53c8e2cc436dee0
3RauEVgRgj1IuWdJ9fDs70,The Man,1NAmidJlEaVgA3MpcPFYGq,2019-08-23,https://i.scdn.co/image/ab67616d0000b273e787cffec20aa2a396a61647
4yTqjWF2EoFJM5BbSCe4YW,Safe & Sound - from The Hunger Games Soundtrack,6FeANe1ewmN6sY0VY0qfyI,2012-01-01,https://i.scdn.co/image/ab67616d0000b2739c351de6861e801c1b679d53
4MbHDiHQjhmoVAV75G04Ql,Untouchable - Live From Clear Channel Stripped 2008,1ycoesYxIFymXWebfmz828,2008-06-28,https://i.scdn.co/image/ab67616d0000b273c031e8322b3e8684536ed6d0
1gaLZjPrDnHQWJds2Jg4KT,this is me trying - the long pond studio sessions,0PZ7lAru5FDFHuirTkWe9Z,2020-11-25,https://i.scdn.co/image/ab67616d0000b273045514e3ed4e1767a7c3ece5
3w9VRlKPvNxj40RdUGRweH,dorothea,5jmVg7rwRcgd6ARPAeYNSm,2020-12-10,https://i.scdn.co/image/ab67616d0000b27325751b4b32829d6bbfe6be7f
5P4wWhUYWM0IaVYLuZxdar,The Way I Loved You,2dqn5yOQWdyGwOpOIi9O4x,2008-11-11,https://i.scdn.co/image/ab67616d0000b2737b25c072237f29ee50025fdc
15DeqWWQB4dcEWzJg15VrN,Our Song,7mzrIsaAjnXihW3InKjlC3,2006-10-24,https://i.scdn.co/image/ab67616d0000b2732f8c0fd72a80a93f8c53b96c
1MgV7FIyNxIG7WzMRJV5HC,my tears ricochet,2fenSS68JI1h4Fo296JfGr,2020-07-24,https://i.scdn.co/image/ab67616d0000b27395f754318336a07e85ec59bc
4AYtqFyFbX0Xkc2wtcygTr,Soon You’ll Get Better (feat. The Chicks),1NAmidJlEaVgA3MpcPFYGq,2019-08-23,https://i.scdn.co/image/ab67616d0000b273e787cffec20aa2a396a61647
1aU1wpYBSpP0M6IiihY5Ue,Renegade (feat. Taylor Swift),4kD0pFwhEjEiF9pwUwkpNo,2021-07-02,https://i.scdn.co/image/ab67616d0000b273b8abc4de41be8b3158a4ef40
4pvb0WLRcMtbPGmtejJJ6y,exile (feat. Bon Iver),2fenSS68JI1h4Fo296JfGr,2020-07-24,https://i.scdn.co/image/ab67616d0000b27395f754318336a07e85ec59bc
3Y7MHz19qCg1Pkxridtu1k,The Archer,2mmpvWHLrUjSu5PN763rUu,2019-07-23,https://i.scdn.co/image/ab67616d0000b273d7b465adc58ab58a12f2e3a0
2oWpe2L8ypC080BxpDVuTY,Anti-Hero - Kungs Remix,7irmI5g3OLC1gUXlxysOWt,2022-11-11,https://i.scdn.co/image/ab67616d0000b2739954fa9f0ba8534c3897b59d
08fa9LFcFBTcilB3iq2e2A,epiphany,2fenSS68JI1h4Fo296JfGr,2020-07-24,https://i.scdn.co/image/ab67616d0000b27395f754318336a07e85ec59bc
3jBMHD19RZdAqG9iFQh7xc,I Know Places,2QJmrSgbdM35R67eoGQo4j,2014-10-27,https://i.scdn.co/image/ab67616d0000b2739abdf14e6058bd3903686148
0sY6ZUTh4yoctD8VIXz339,champagne problems,2Xoteh7uEpea4TohMxjtaq,2020-12-11,https://i.scdn.co/image/ab67616d0000b27333b8541201f1ef38941024be
73W5aXorr5vxrySFcoZqIN,Renegade,3YbMxdapL6mvSQjosFkc0T,2021-08-27,https://i.scdn.co/image/ab67616d0000b273fbab613f887083f7ee11a1de
5xTtaWoae3wi06K5WfVUUH,Shake It Off,2QJmrSgbdM35R67eoGQo4j,2014-10-27,https://i.scdn.co/image/ab67616d0000b2739abdf14e6058bd3903686148
6N1K5OVVCopBjGViHs2IvP,The Joker And The Queen (feat. Taylor Swift),0vkAczpFKCazPKaoLtnBr0,2022-02-11,https://i.scdn.co/image/ab67616d0000b27389aff4625958eac8d16535c7
0V3wPSX9ygBnCm8psDIegu,Anti-Hero,151w1FgRZfnKZA9FEcg9Z3,2022-10-21,https://i.scdn.co/image/ab67616d0000b273bb54dde68cd23e2a268ae0f5
4svZDCRz4cJoneBpjpx8DJ,I Did Something Bad,6DEjYFkNZh67HP7R9PSZvv,2017-11-10,https://i.scdn.co/image/ab67616d0000b273da5d5aeeabacacc1263c0f4b
19CSr8rwW05VJL2F91KFNK,ivy,2Xoteh7uEpea4TohMxjtaq,2020-12-11,https://i.scdn.co/image/ab67616d0000b27333b8541201f1ef38941024be
4e5ayHsOLJNLTGfjau2mEw,The Lucky One (Taylor's Version),6kZ42qRrzov54LcAk4onW9,2021-11-12,https://i.scdn.co/image/ab67616d0000b273318443aab3531a0558e79a4d
71BqAINEnezjQfxE4VuJfq,"""Slut!"" (Taylor's Version) (From The Vault)",64LU4c1nfjz1t4VnGhagcg,2023-10-26,https://i.scdn.co/image/ab67616d0000b273904445d70d04eb24d6bb79ac
1MaqkdFNIKPdpQGDzme5ss,Two Is Better Than One (feat. Taylor Swift),7DphDayDRJ1NtRmveflFWD,2009-09-07,https://i.scdn.co/image/ab67616d0000b27308a2b8e9210f518f6f4fbb8a
3JayaISg308IVZhUY0XUXe,Begin Again - Commentary,4jTYApZPMapg56gRycOn0D,2012-10-22,https://i.scdn.co/image/ab67616d0000b2731c248e90c3e569f90aef9dec
1g09DZjQ7yBommCT6POY2n,Christmases When You Were Mine,7vzYp7FrKnTRoktBYsx9SF,2008-12-02,https://i.scdn.co/image/ab67616d0000b2732a0face7d69df61c20a6db2b
0VwNdo84DaVYLIkbVO86ND,We Are Never Ever Getting Back Together,4jTYApZPMapg56gRycOn0D,2012-10-22,https://i.scdn.co/image/ab67616d0000b2731c248e90c3e569f90aef9dec
5Bedn0svl0ZD7RGmJkmKKw,How Did It End?,5H7ixXZfsNMGbIE5OBSpcb,2024-04-19,https://i.scdn.co/image/ab67616d0000b2738ecc33f195df6aa257c39eaa
7kt9e9LFSpN1zQtYEl19o1,this is me trying,2fenSS68JI1h4Fo296JfGr,2020-07-24,https://i.scdn.co/image/ab67616d0000b27395f754318336a07e85ec59bc
4DbI1rr4IQ2bc8nejy9ttd,Dear John - Live/2011,6fyR4wBPwLHKcRtxgd4sGh,2010-10-25,https://i.scdn.co/image/ab67616d0000b273be4ec62353ee75fa11f6d6f7
5PxFv9yJEg9dxvbZggykro,So It Goes...,6DEjYFkNZh67HP7R9PSZvv,2017-11-10,https://i.scdn.co/image/ab67616d0000b273da5d5aeeabacacc1263c0f4b
2QDyYdZyhlP2fp79KZX8Bi,mad woman,2fenSS68JI1h4Fo296JfGr,2020-07-24,https://i.scdn.co/image/ab67616d0000b27395f754318336a07e85ec59bc
3wmN11qXGL0HyPojvEE1D9,I Wish You Would,2QJmrSgbdM35R67eoGQo4j,2014-10-27,https://i.scdn.co/image/ab67616d0000b2739abdf14e6058bd3903686148
7MbT4I8qGntX4fMdqMQgke,peace,2fenSS68JI1h4Fo296JfGr,2020-07-24,https://i.scdn.co/image/ab67616d0000b27395f754318336a07e85ec59bc
2rLYkfJSgTPtOTLjYEdozL,I Almost Do - Commentary,4jTYApZPMapg56gRycOn0D,2012-10-22,https://i.scdn.co/image/ab67616d0000b2731c248e90c3e569f90aef9dec
6d9IiDcFxtFVIvt9pCqyGH,Sparks Fly,5MfAxS5zz8MlfROjGQVXhy,2010-10-25,https://i.scdn.co/image/ab67616d0000b273e11a75a2f2ff39cec788a015
1yYkset0nTuUteJQMl5Tx0,Message In A Bottle (Fat Max G Remix) (Taylor’s Version),6XwuAKBpEvtsJAWs3J3DJe,2022-01-21,https://i.scdn.co/image/ab67616d0000b2738e8a8116af61b15659648588
6bzWVosI1yQkHUrN22cMWE,Bad Blood - Karaoke Version,0bEySlRAkuPxV9KVWhXXBr,2015-02-01,https://i.scdn.co/image/ab67616d0000b273b98fc11a07f752803fbebea4
3jzbpOzoYa22FvzBkNkLvC,Bigger Than The Whole Sky,4894htPwC6zoiuTqUQwn4I,2022-10-21,https://i.scdn.co/image/ab67616d0000b2734a97c76d7b4f6530f439c249
7J4b3LVCIGO4CMBDFLPoP6,Holy Ground (Taylor's Version),6kZ42qRrzov54LcAk4onW9,2021-11-12,https://i.scdn.co/image/ab67616d0000b273318443aab3531a0558e79a4d
02DtaJ6ADr4uQJbKEdpxxj,You Belong With Me - Instrumental with BGV,1CYlmaXajTC59VJWSSeE7Y,2008-11-11,https://i.scdn.co/image/ab67616d0000b2733aaff042743bac0fdec793fc
3rMskQgCc54bAQUfE0U4Fw,Sad Beautiful Tragic - Commentary,4jTYApZPMapg56gRycOn0D,2012-10-22,https://i.scdn.co/image/ab67616d0000b2731c248e90c3e569f90aef9dec
6FB3v4YcR57y4tXFcdxI1E,I Knew You Were Trouble.,4jTYApZPMapg56gRycOn0D,2012-10-22,https://i.scdn.co/image/ab67616d0000b2731c248e90c3e569f90aef9dec
0Om9WAB5RS09L80DyOfTNa,Tim McGraw,7mzrIsaAjnXihW3InKjlC3,2006-10-24,https://i.scdn.co/image/ab67616d0000b2732f8c0fd72a80a93f8c53b96c
7mFiEij8AXPUZB7aKLbUlQ,Mean - Live/2011,6fyR4wBPwLHKcRtxgd4sGh,2010-10-25,https://i.scdn.co/image/ab67616d0000b273be4ec62353ee75fa11f6d6f7
0k0vFacOHNuArLWMiH60p7,Tell Me Why (Taylor’s Version),4hDok0OAJd57SGIT8xuWJH,2021-04-09,https://i.scdn.co/image/ab67616d0000b273a48964b5d9a3d6968ae3e0de
7kjSmkSo15pHlkb0mOQtfj,Lavender Haze - Tensnake Remix,5LyzI39gkePgpHz38bEQIr,2023-03-03,https://i.scdn.co/image/ab67616d0000b273f7c84273e5c8ecb7594b4357
0cITLOYn1Sv4q27zZPqlNK,Red,1EoDsNmgTLtmwe1BDAVxV5,2012-10-22,https://i.scdn.co/image/ab67616d0000b27396384c98ac4f3e7c2440f5b5
4uoyvFGK43Of4v9tj0moxC,Begin Again,4jTYApZPMapg56gRycOn0D,2012-10-22,https://i.scdn.co/image/ab67616d0000b2731c248e90c3e569f90aef9dec
1xtw1krCR6Dw2KwkXw5z63,The Smallest Man Who Ever Lived,5H7ixXZfsNMGbIE5OBSpcb,2024-04-19,https://i.scdn.co/image/ab67616d0000b2738ecc33f195df6aa257c39eaa
6ON9UuIq49xXY9GPmHIYRp,The Best Day (Taylor’s Version),4hDok0OAJd57SGIT8xuWJH,2021-04-09,https://i.scdn.co/image/ab67616d0000b273a48964b5d9a3d6968ae3e0de
6C0H8ts9M6deezz0yYR6LK,Anti-Hero - ILLENIUM Remix,20wq0dFrgEhhulGXqnb4A6,2022-11-18,https://i.scdn.co/image/ab67616d0000b273eb7289d463cd524a93b722c9
4i6cwNY6oIUU2XZxPIw82Y,Karma (feat. Ice Spice),1fnJ7k0bllNfL1kVdNVW1A,2023-05-26,https://i.scdn.co/image/ab67616d0000b273fa747621a53c8e2cc436dee0
1spLfUJxtyVyiKKTegQ2r4,A Perfectly Good Heart,7mzrIsaAjnXihW3InKjlC3,2006-10-24,https://i.scdn.co/image/ab67616d0000b2732f8c0fd72a80a93f8c53b96c
7F67ujlSkp8PT7uaDPuOjP,White Horse - Commentary,3EzFY9Rg0PpbADMth746zi,2008-11-11,https://i.scdn.co/image/ab67616d0000b27360cb9332e8c8c7d8e50854b3
7an1exwMnfYRcdVQm0yDev,Cold As You,7mzrIsaAjnXihW3InKjlC3,2006-10-24,https://i.scdn.co/image/ab67616d0000b2732f8c0fd72a80a93f8c53b96c
6KF9xd2hBLuexrmBX4vUWD,Bette Davis Eyes - Live/2011,6fyR4wBPwLHKcRtxgd4sGh,2010-10-25,https://i.scdn.co/image/ab67616d0000b273be4ec62353ee75fa11f6d6f7
3fVnlF4pGqWI9flVENcT28,Wildest Dreams,5fy0X0JmZRZnVa2UEicIOl,2014-01-01,https://i.scdn.co/image/ab67616d0000b273b7e976d2b35c767f9012cb72
32mVHdy0bi1XKgr0ajsBlG,Picture To Burn,7mzrIsaAjnXihW3InKjlC3,2006-10-24,https://i.scdn.co/image/ab67616d0000b2732f8c0fd72a80a93f8c53b96c
2nqio0SfWg6gh2eCtfuMa5,Fifteen (Taylor’s Version),4hDok0OAJd57SGIT8xuWJH,2021-04-09,https://i.scdn.co/image/ab67616d0000b273a48964b5d9a3d6968ae3e0de
3lm4L3pPL32PFy74dR17OR,Enchanted - Live/2011,6fyR4wBPwLHKcRtxgd4sGh,2010-10-25,https://i.scdn.co/image/ab67616d0000b273be4ec62353ee75fa11f6d6f7
59HjlYCeBsxdI0fcm3zglw,Wildest Dreams,2QJmrSgbdM35R67eoGQo4j,2014-10-27,https://i.scdn.co/image/ab67616d0000b2739abdf14e6058bd3903686148
2JoJrsEV15OzbijS47lids,Today Was A Fairytale (Taylor’s Version),4hDok0OAJd57SGIT8xuWJH,2021-04-09,https://i.scdn.co/image/ab67616d0000b273a48964b5d9a3d6968ae3e0de
1q3RiD1tIWUpGsNFADMlvl,All Too Well,1KlU96Hw9nlvqpBPlSqcTV,2012-10-22,https://i.scdn.co/image/ab67616d0000b273a7613d346501b828b56a0bc3
4h0EXpatqJImv4VRgvX6po,Last Kiss,5MfAxS5zz8MlfROjGQVXhy,2010-10-25,https://i.scdn.co/image/ab67616d0000b273e11a75a2f2ff39cec788a015
4MsUsFfWseB9M2plGJyuIw,ME! (feat. Brendon Urie of Panic! At The Disco),6tHLalOVUNJYJlNYkRlNjC,2019-04-26,https://i.scdn.co/image/ab67616d0000b2738be68887668e2fee0149e207
1kdWw77ZpYOkhxeuhzU1j6,it’s time to go - bonus track,6AORtDjduMM3bupSWzbTSG,2021-01-07,https://i.scdn.co/image/ab67616d0000b27390fd9741e1838115cd90b3b6
0fM9dEhUFV4MHDuJgrcfOv,How You Get The Girl,1yGbNOtRIgdIiGHOEBaZWf,2014-01-01,https://i.scdn.co/image/ab67616d0000b27352b2a3824413eefe9e33817a
3k7ne7VmH43ZPWxPdvPUgR,coney island (feat. The National),2Xoteh7uEpea4TohMxjtaq,2020-12-11,https://i.scdn.co/image/ab67616d0000b27333b8541201f1ef38941024be
1p80LdxRV74UKvL8gnD7ky,Blank Space,2QJmrSgbdM35R67eoGQo4j,2014-10-27,https://i.scdn.co/image/ab67616d0000b2739abdf14e6058bd3903686148
06zIBqLC9ZRm5i0iMf0kHI,Renegade - Pop Version,49yiYOnz2UyaNl72xvDERt,2021-08-17,https://i.scdn.co/image/ab67616d0000b273f0b56f34301a37d015cbb678
0z9UVN8VBHJ9HdfYsOuuNf,Safe & Sound - from The Hunger Games Soundtrack,45nqVXRAW0xv0wpU9JljPN,2012-01-01,https://i.scdn.co/image/ab67616d0000b273d29a5d713277b0b3d517507b
1cSFlSBdpT4F5vb1frQ231,The Other Side Of The Door (Taylor’s Version),4hDok0OAJd57SGIT8xuWJH,2021-04-09,https://i.scdn.co/image/ab67616d0000b273a48964b5d9a3d6968ae3e0de
4sFwzqXqNcNV3cTyTybq0M,Stay Stay Stay - Commentary,4jTYApZPMapg56gRycOn0D,2012-10-22,https://i.scdn.co/image/ab67616d0000b2731c248e90c3e569f90aef9dec
2bzUVEvpZ7At5cYz1kOLI9,Gasoline (feat. Taylor Swift),79thwyFL6Uo6rgTp3YWEAf,2021-02-19,https://i.scdn.co/image/ab67616d0000b273667f8cfd1be0d0cc2b825e25
4mqgn90sCeVSYqcoftTQTd,Red - Original Demo Recording,1KlU96Hw9nlvqpBPlSqcTV,2012-10-22,https://i.scdn.co/image/ab67616d0000b273a7613d346501b828b56a0bc3
1kcwpPDQnqEqmezzXdJTCP,imgonnagetyouback,5H7ixXZfsNMGbIE5OBSpcb,2024-04-19,https://i.scdn.co/image/ab67616d0000b2738ecc33f195df6aa257c39eaa
1cJkUN5LAotktryx2nPCr7,Silent Night,7vzYp7FrKnTRoktBYsx9SF,2008-12-02,https://i.scdn.co/image/ab67616d0000b2732a0face7d69df61c20a6db2b
3O5osWf1rSoKMwe6E9ZaXP,evermore (feat. Bon Iver),2Xoteh7uEpea4TohMxjtaq,2020-12-11,https://i.scdn.co/image/ab67616d0000b27333b8541201f1ef38941024be
6YvqWjhGD8mB5QXcbcUKtx,Love Story (Taylor’s Version),4hDok0OAJd57SGIT8xuWJH,2021-04-09,https://i.scdn.co/image/ab67616d0000b273a48964b5d9a3d6968ae3e0de
0Jlcvv8IykzHaSmj49uNW8,the 1,2fenSS68JI1h4Fo296JfGr,2020-07-24,https://i.scdn.co/image/ab67616d0000b27395f754318336a07e85ec59bc
4ikR3lDFcZ0hNKyVONfi4N,Love Story - US Album Version,6mhqCOSN7y93aydjeBatWb,2008-11-11,https://i.scdn.co/image/ab67616d0000b27323772ebfb18de81c57186964
2ag2oLCwlFIA88hQrLMHzv,Starlight - Commentary,4jTYApZPMapg56gRycOn0D,2012-10-22,https://i.scdn.co/image/ab67616d0000b2731c248e90c3e569f90aef9dec
4tMzIAFTFdqGBQLdfbPces,Haunted (Taylor's Version),5AEDGbliTTfjOB8TSm1sxt,2023-07-07,https://i.scdn.co/image/ab67616d0000b2730b04da4f224b51ff86e0a481
2h3MDMf8sd9s4XIzpTBIjX,I Can Fix Him (No Really I Can),1Mo4aZ8pdj6L1jx8zSwJnt,2024-04-18,https://i.scdn.co/image/ab67616d0000b2735076e4160d018e378f488c33
6mqyTq948oap5AkyTsd6XF,the lakes - the long pond studio sessions,0PZ7lAru5FDFHuirTkWe9Z,2020-11-25,https://i.scdn.co/image/ab67616d0000b273045514e3ed4e1767a7c3ece5
4A2LfnduSTsE8u0ecYROxE,You Are In Love,34OkZVpuzBa9y40DCy0LPR,2014-10-27,https://i.scdn.co/image/ab67616d0000b273332d85510aba3eb28312cfb2
7nWui6jiMM2m9qFmET1Mtj,Ronan (Taylor's Version),6kZ42qRrzov54LcAk4onW9,2021-11-12,https://i.scdn.co/image/ab67616d0000b273318443aab3531a0558e79a4d
5dwQhzeE8LXpl9sbZJZmQS,the lakes - bonus track,7v7pe5vZQPWB5zW0JrKRiw,2020-08-17,https://i.scdn.co/image/ab67616d0000b2735fce26509342fe7c8f6dad3a
3MytWN8L7shNYzGl4tAKRp,Sparks Fly (Taylor’s Version),5AEDGbliTTfjOB8TSm1sxt,2023-07-07,https://i.scdn.co/image/ab67616d0000b2730b04da4f224b51ff86e0a481
7FFfYM4JE1vj5n4rhHxg8q,Babe (feat. Taylor Swift),6tnr0khD5AaIXzNbmqHsKx,2018-04-20,https://i.scdn.co/image/ab67616d0000b273a486a4638d9583a3fb66e7ce
5OndtwLGA9O6XHFcGm2H7r,Out Of The Woods,2QJmrSgbdM35R67eoGQo4j,2014-10-27,https://i.scdn.co/image/ab67616d0000b2739abdf14e6058bd3903686148
1NmVZsG18CzCAtw7rnV3yA,Clean,1yGbNOtRIgdIiGHOEBaZWf,2014-01-01,https://i.scdn.co/image/ab67616d0000b27352b2a3824413eefe9e33817a
7zMcNqs55Mxer82bvZFkpg,Teardrops On My Guitar - Radio Single Remix,7mzrIsaAjnXihW3InKjlC3,2006-10-24,https://i.scdn.co/image/ab67616d0000b2732f8c0fd72a80a93f8c53b96c
2d8UxVNhJinc8uat9PoM9y,Who’s Afraid of Little Old Me?,5H7ixXZfsNMGbIE5OBSpcb,2024-04-19,https://i.scdn.co/image/ab67616d0000b2738ecc33f195df6aa257c39eaa
4NNolUeL5m2ju7kf8pdg6H,All You Had To Do Was Stay,5fy0X0JmZRZnVa2UEicIOl,2014-01-01,https://i.scdn.co/image/ab67616d0000b273b7e976d2b35c767f9012cb72
1wePVBS4L6xhCvVUItPAZQ,22 - Commentary,4jTYApZPMapg56gRycOn0D,2012-10-22,https://i.scdn.co/image/ab67616d0000b2731c248e90c3e569f90aef9dec
40PXEOFLJc7UIpLMrhSfW1,Babe,1MPAXuTVL2Ej5x0JHiSPq8,2017-11-09,https://i.scdn.co/image/ab67616d0000b27363d77f99117b28af9f656918
1HCdems7PQZRj42QDWLA0A,Timeless (Taylor’s Version) (From The Vault),5AEDGbliTTfjOB8TSm1sxt,2023-07-07,https://i.scdn.co/image/ab67616d0000b2730b04da4f224b51ff86e0a481
3cAHqw3B2deaHRXV9WrYAA,Breathe - Commentary,3EzFY9Rg0PpbADMth746zi,2008-11-11,https://i.scdn.co/image/ab67616d0000b27360cb9332e8c8c7d8e50854b3
3pUa0ZxdSeaJXm0EIydD3F,"Would've, Could've, Should've",4894htPwC6zoiuTqUQwn4I,2022-10-21,https://i.scdn.co/image/ab67616d0000b2734a97c76d7b4f6530f439c249
30Y4CV7A6YqtQtTTo7Ue4j,Mean (Taylor's Version),5AEDGbliTTfjOB8TSm1sxt,2023-07-07,https://i.scdn.co/image/ab67616d0000b2730b04da4f224b51ff86e0a481
4uuEGH5SVuzkkSFjo2DEiY,Don’t You (Taylor’s Version) (From The Vault),4hDok0OAJd57SGIT8xuWJH,2021-04-09,https://i.scdn.co/image/ab67616d0000b273a48964b5d9a3d6968ae3e0de
3ZVFcD8Wlw9T9klGqmJf9F,Florida!!! (feat. Florence + The Machine),1Mo4aZ8pdj6L1jx8zSwJnt,2024-04-18,https://i.scdn.co/image/ab67616d0000b2735076e4160d018e378f488c33
3RNDw7yywLNyawDKV99hTx,Love Story - Digital Dog Remix,2Z2KdJE0nGGu0qdWA45mza,2020-02-07,https://i.scdn.co/image/ab67616d0000b273c4d3acdcb5d53a2a3856786e
4356PL6jkERzJouVfQQkZo,High Infidelity,4894htPwC6zoiuTqUQwn4I,2022-10-21,https://i.scdn.co/image/ab67616d0000b2734a97c76d7b4f6530f439c249
5tWxKWq1DSP1s9WQ5PWuqu,Paris,1fnJ7k0bllNfL1kVdNVW1A,2023-05-26,https://i.scdn.co/image/ab67616d0000b273fa747621a53c8e2cc436dee0
2hecdut2HWM5JMHqLTWThq,I Did Something Bad - Karaoke Version,1MHuZZrGT36cXLxAQ5cLP3,2018-03-09,https://i.scdn.co/image/ab67616d0000b27305fd6906725e3f12544c2d04
5YL553x8sHderRBDlm3NM3,White Horse (Taylor’s Version),4hDok0OAJd57SGIT8xuWJH,2021-04-09,https://i.scdn.co/image/ab67616d0000b273a48964b5d9a3d6968ae3e0de
6ClYMObS7f3Nn4AiZHYQt3,Cruel Summer - Live from TS | The Eras Tour,1nqF9ybDGwuGl1rVERp5Q4,2023-10-19,https://i.scdn.co/image/ab67616d0000b273f669b4e7f0327c92909bc762
0W0iAC1VGlB82PI6elxFYf,Guilty as Sin?,1Mo4aZ8pdj6L1jx8zSwJnt,2024-04-18,https://i.scdn.co/image/ab67616d0000b2735076e4160d018e378f488c33
6iWMI5oOhWrDbLbjmwTWFq,Wonderland,34OkZVpuzBa9y40DCy0LPR,2014-10-27,https://i.scdn.co/image/ab67616d0000b273332d85510aba3eb28312cfb2
7bad461siaxECNlaYsmIo6,Love Story,1rwH2628RIOVM3WMwwO418,2008-01-01,https://i.scdn.co/image/ab67616d0000b2735ab4f806b1126caf63492fc5
6qAcApH8obo8eqatCKUHd9,Bad Blood (feat. Kendrick Lamar) (Taylor's Version),1o59UpKw81iHR0HPiSkJR0,2023-10-27,https://i.scdn.co/image/ab67616d0000b273dc2bacae1dca83d26e2b1949
1u4HUiREUR6vX1W1RYG2Tm,All Too Well (10 Minute Version) (The Short Film),2O1NYIBQCUobrL97A2Unk8,2022-06-11,https://i.scdn.co/image/ab67616d0000b2738e16c6e20dbed531a9006d58
7HbZuazpPbDDMkb8Tmvxq0,State Of Grace - Commentary,4jTYApZPMapg56gRycOn0D,2012-10-22,https://i.scdn.co/image/ab67616d0000b2731c248e90c3e569f90aef9dec
3sW3oSbzsfecv9XoUdGs7h,Enchanted (Taylor's Version),5AEDGbliTTfjOB8TSm1sxt,2023-07-07,https://i.scdn.co/image/ab67616d0000b2730b04da4f224b51ff86e0a481
1Ov37jtRQ2YNAe8HzfczkL,Wildest Dreams (Taylor's Version),5hxKw2PurC0i1VVJMAntDU,2021-09-17,https://i.scdn.co/image/ab67616d0000b273eb10050f6fe8e2783a91a4b1
5kHMfzgLZP95O9NBy0ku4v,I Can See You (Taylor’s Version) (From The Vault),5AEDGbliTTfjOB8TSm1sxt,2023-07-07,https://i.scdn.co/image/ab67616d0000b2730b04da4f224b51ff86e0a481
0eFQWVz0qIxDOvhLpZ40P7,the lakes - bonus track,1pzvBxYgT6OVwJLtHkrdQK,2020-08-18,https://i.scdn.co/image/ab67616d0000b273c288028c2592f400dd0b9233
31JVjy3XWnh6C2zf4kLCXN,Christmas Must Be Something More,7vzYp7FrKnTRoktBYsx9SF,2008-12-02,https://i.scdn.co/image/ab67616d0000b2732a0face7d69df61c20a6db2b
1IsquhJFJ0qcFZI7FeAEuN,Back To December/Apologize/You're Not Sorry - Live/2011/Medley,6fyR4wBPwLHKcRtxgd4sGh,2010-10-25,https://i.scdn.co/image/ab67616d0000b273be4ec62353ee75fa11f6d6f7
7uGYWMwRy24dm7RUDDhUlD,My Boy Only Breaks His Favorite Toys,5H7ixXZfsNMGbIE5OBSpcb,2024-04-19,https://i.scdn.co/image/ab67616d0000b2738ecc33f195df6aa257c39eaa
1SztNGCwEHJEVFx90E5g7D,High Infidelity,1fnJ7k0bllNfL1kVdNVW1A,2023-05-26,https://i.scdn.co/image/ab67616d0000b273fa747621a53c8e2cc436dee0
3pv7Q5v2dpdefwdWIvE7yH,Shake It Off (Taylor's Version),64LU4c1nfjz1t4VnGhagcg,2023-10-26,https://i.scdn.co/image/ab67616d0000b273904445d70d04eb24d6bb79ac
3QFB14MOUf3imlyISNmrbT,Speak Now - Live/2011,6fyR4wBPwLHKcRtxgd4sGh,2010-10-25,https://i.scdn.co/image/ab67616d0000b273be4ec62353ee75fa11f6d6f7
5hQSXkFgbxjZo9uCwd11so,False God,1NAmidJlEaVgA3MpcPFYGq,2019-08-23,https://i.scdn.co/image/ab67616d0000b273e787cffec20aa2a396a61647
0lx2cLdOt3piJbcaXIV74f,willow,2Xoteh7uEpea4TohMxjtaq,2020-12-11,https://i.scdn.co/image/ab67616d0000b27333b8541201f1ef38941024be
4EF6IyONolQy0bIQXm2EmX,The Albatross,5H7ixXZfsNMGbIE5OBSpcb,2024-04-19,https://i.scdn.co/image/ab67616d0000b2738ecc33f195df6aa257c39eaa
1wJL1A0QUHJPf2cm7tsrdw,Never Grow Up,5MfAxS5zz8MlfROjGQVXhy,2010-10-25,https://i.scdn.co/image/ab67616d0000b273e11a75a2f2ff39cec788a015
2M4tVhRXucLE9M3STv21Yi,Lavender Haze - Felix Jaehn Remix,5h060Rb0cfAGuny0L51zqV,2023-02-10,https://i.scdn.co/image/ab67616d0000b27390212229c9230e320fe0ecd3
16M9Rxid0nXhVmme7lzVwN,Anti-Hero (feat. Bleachers),7irmI5g3OLC1gUXlxysOWt,2022-11-11,https://i.scdn.co/image/ab67616d0000b2739954fa9f0ba8534c3897b59d
1LLXZFeAHK9R4xUramtUKw,London Boy,1NAmidJlEaVgA3MpcPFYGq,2019-08-23,https://i.scdn.co/image/ab67616d0000b273e787cffec20aa2a396a61647
4e3ZNTAV6PCrdYMUrUlMpQ,Electric Touch (feat. Fall Out Boy) (Taylor’s Version) (From The Vault),5AEDGbliTTfjOB8TSm1sxt,2023-07-07,https://i.scdn.co/image/ab67616d0000b2730b04da4f224b51ff86e0a481
0yisH8r0f3Mkq34kjzUlCV,Blank Space - Voice Memo,34OkZVpuzBa9y40DCy0LPR,2014-10-27,https://i.scdn.co/image/ab67616d0000b273332d85510aba3eb28312cfb2
6J834IBcZJMH38ksrgAqwF,Paris,4894htPwC6zoiuTqUQwn4I,2022-10-21,https://i.scdn.co/image/ab67616d0000b2734a97c76d7b4f6530f439c249
6EwNJz8CuVsrsLvXprJ20Q,I Know Places,1yGbNOtRIgdIiGHOEBaZWf,2014-01-01,https://i.scdn.co/image/ab67616d0000b27352b2a3824413eefe9e33817a
4pl5zcqCv4vc3cB7M4MZ6f,Come In With The Rain,43OpbkiiIxJO8ktIB777Nn,2008-11-11,https://i.scdn.co/image/ab67616d0000b27334e5885465afc8a497ac1b7e
3RaT22zZsxVYxxKR7TAaYF,"no body, no crime (feat. HAIM)",2Xoteh7uEpea4TohMxjtaq,2020-12-11,https://i.scdn.co/image/ab67616d0000b27333b8541201f1ef38941024be
35rdVq36LMHQX0Suw9a6tK,closure,2Xoteh7uEpea4TohMxjtaq,2020-12-11,https://i.scdn.co/image/ab67616d0000b27333b8541201f1ef38941024be
7HC7R2D8WjXVcUHJyEGjRs,Breathe (feat. Colbie Caillat) (Taylor’s Version),4hDok0OAJd57SGIT8xuWJH,2021-04-09,https://i.scdn.co/image/ab67616d0000b273a48964b5d9a3d6968ae3e0de
7eQj6r5PIdYKEIZjucBMcq,Stay Stay Stay (Taylor's Version),6kZ42qRrzov54LcAk4onW9,2021-11-12,https://i.scdn.co/image/ab67616d0000b273318443aab3531a0558e79a4d
06FXaDDdg0BzXl15cthMS5,Should've Said No - The 3D Concert Experience,2qLi0Q8fs8YLSDH5WbE8Vc,2009-01-01,https://i.scdn.co/image/ab67616d0000b2735e0f4b509e71ef57a82ccc3e
4P9Q0GojKVXpRTJCaL3kyy,All Of The Girls You Loved Before,1Uauz6ql2dIPvIOH4JiuhD,2019-08-23,https://i.scdn.co/image/ab67616d0000b2738481d8f15859aa5bae75ee17
3yII7UwgLF6K5zW3xad3MP,22 (Taylor's Version),6kZ42qRrzov54LcAk4onW9,2021-11-12,https://i.scdn.co/image/ab67616d0000b273318443aab3531a0558e79a4d
7wAkQFShJ27V8362MqevQr,"So Long, London",5H7ixXZfsNMGbIE5OBSpcb,2024-04-19,https://i.scdn.co/image/ab67616d0000b2738ecc33f195df6aa257c39eaa
4EwrLjUsIF0PINB6sLZj3l,I Knew You Were Trouble. - Karaoke Version,63lVCnv8B30qedCiTlAc9J,2012-10-22,https://i.scdn.co/image/ab67616d0000b273f38d22516eda9a650c00ad4a
7BFc7ffruhZ4Hecnqf5xju,Long Live,6S6JQWzUrJVcJLK4fi74Fw,2010-01-01,https://i.scdn.co/image/ab67616d0000b273e1bc852a04501952c765d5cd
5A4PQqcpYb0vD1zx5DlObS,Stay Stay Stay,4jTYApZPMapg56gRycOn0D,2012-10-22,https://i.scdn.co/image/ab67616d0000b2731c248e90c3e569f90aef9dec
6uFsE1JgZ20EXyU0JQZbUR,Look What You Made Me Do,7qqYU64i563QXANa6vpkSr,2017-08-24,https://i.scdn.co/image/ab67616d0000b273e3953b884e6b0bd31933d4e0
5lA0yK8S5tP3xoaRMCp4Ug,Love Story - Pop Mix,1iab5rfjNpGhoPlFzPyp4k,2020-02-07,https://i.scdn.co/image/ab67616d0000b273d676631cbb331a320db57b64
1R0a2iXumgCiFb7HEZ7gUE,Don’t Blame Me,6DEjYFkNZh67HP7R9PSZvv,2017-11-10,https://i.scdn.co/image/ab67616d0000b273da5d5aeeabacacc1263c0f4b
4tyX1rw9X309WkEdh2As4B,coney island (feat. The National),5jmVg7rwRcgd6ARPAeYNSm,2020-12-10,https://i.scdn.co/image/ab67616d0000b27325751b4b32829d6bbfe6be7f
0q6vsjvnCIWrtwRckCV7y0,If This Was A Movie (Taylor’s Version),6MMVrrxnNgGKg04ze1Pemw,2021-04-09,https://i.scdn.co/image/ab67616d0000b2734beb2774135270cedfa28338
4KB3zBArZ1rHRExilzycaV,I Want You Back - Live/2011,6fyR4wBPwLHKcRtxgd4sGh,2010-10-25,https://i.scdn.co/image/ab67616d0000b273be4ec62353ee75fa11f6d6f7
0tr6XR58KBdDYd8qvHVTs8,Back To December,6S6JQWzUrJVcJLK4fi74Fw,2010-01-01,https://i.scdn.co/image/ab67616d0000b273e1bc852a04501952c765d5cd
5YqltLsjdqFtvqE7Nrysvs,We Are Never Ever Getting Back Together (Taylor's Version),6kZ42qRrzov54LcAk4onW9,2021-11-12,https://i.scdn.co/image/ab67616d0000b273318443aab3531a0558e79a4d
3zwMVvkBe2qIKDObWgXw4N,right where you left me - bonus track,6AORtDjduMM3bupSWzbTSG,2021-01-07,https://i.scdn.co/image/ab67616d0000b27390fd9741e1838115cd90b3b6
3zMDGj4D8ogaYgAIZPeU7S,Peter,5H7ixXZfsNMGbIE5OBSpcb,2024-04-19,https://i.scdn.co/image/ab67616d0000b2738ecc33f195df6aa257c39eaa
4RBKAqJ3qyvvriDG0s9IJ3,Love Story - Live From Clear Channel Stripped 2008,1ycoesYxIFymXWebfmz828,2008-06-28,https://i.scdn.co/image/ab67616d0000b273c031e8322b3e8684536ed6d0
0kfTOGpi5eZCBxcRF5LFIh,We Are Never Ever Getting Back Together - Commentary,4jTYApZPMapg56gRycOn0D,2012-10-22,https://i.scdn.co/image/ab67616d0000b2731c248e90c3e569f90aef9dec
3Vevii7qKqrmW8CcyzBHDl,"So Long, London",1Mo4aZ8pdj6L1jx8zSwJnt,2024-04-18,https://i.scdn.co/image/ab67616d0000b2735076e4160d018e378f488c33
5KxZfCXXmVvKhPo8hQz2pS,Lavender Haze - Felix Jaehn Remix,5LyzI39gkePgpHz38bEQIr,2023-03-03,https://i.scdn.co/image/ab67616d0000b273f7c84273e5c8ecb7594b4357
08J4bMHbILkwSIhbtrcvjN,the 1 - the long pond studio sessions,0PZ7lAru5FDFHuirTkWe9Z,2020-11-25,https://i.scdn.co/image/ab67616d0000b273045514e3ed4e1767a7c3ece5
10eBRyImhfqVvkiVEGf0N0,Enchanted,5MfAxS5zz8MlfROjGQVXhy,2010-10-25,https://i.scdn.co/image/ab67616d0000b273e11a75a2f2ff39cec788a015
4lIxdJw6W3Fg4vUIYCB0S5,Style,2QJmrSgbdM35R67eoGQo4j,2014-10-27,https://i.scdn.co/image/ab67616d0000b2739abdf14e6058bd3903686148
2x0WlnmfG39ZuDmstl9xfX,End Game,6DEjYFkNZh67HP7R9PSZvv,2017-11-10,https://i.scdn.co/image/ab67616d0000b273da5d5aeeabacacc1263c0f4b
5yEPktRqvIhko5QFF3aBhQ,Mean,5MfAxS5zz8MlfROjGQVXhy,2010-10-25,https://i.scdn.co/image/ab67616d0000b273e11a75a2f2ff39cec788a015
7FKbTRXXIWVFQmPH8zGfU0,The Man - Live From Paris,6l7iXnb2Y4yDR9zag3kckA,2020-02-18,https://i.scdn.co/image/ab67616d0000b2739a6d517fc78fb707bed067c2
17yraMKqmZIKAv3iaGcoLX,All Of The Girls You Loved Before,2KLFL8R9r2ubCQxbBxgLT7,2019-08-23,https://i.scdn.co/image/ab67616d0000b273b40f953d9ebdc956544e28a5
7C0w28EsX0Um2FrZs9gso2,Glitch,1fnJ7k0bllNfL1kVdNVW1A,2023-05-26,https://i.scdn.co/image/ab67616d0000b273fa747621a53c8e2cc436dee0
7Bjf96uNizpvXLvNyOJpst,You Need To Calm Down - Clean Bandit Remix,531nfs5NPsmkRC1LJb1cdj,2019-08-20,https://i.scdn.co/image/ab67616d0000b2739911942b4845c29ad3ad1224
0qAIiGFKLdV1xpNlEhjpq8,New Romantics,1yGbNOtRIgdIiGHOEBaZWf,2014-01-01,https://i.scdn.co/image/ab67616d0000b27352b2a3824413eefe9e33817a
7EvU9pRoJ9Xs7anx0P7tEc,Picture To Burn - Live From Clear Channel Stripped 2008,1ycoesYxIFymXWebfmz828,2008-06-28,https://i.scdn.co/image/ab67616d0000b273c031e8322b3e8684536ed6d0
6xsEAm6w9oMQYYg3jkEkMT,Bad Blood,1Tv3rrFNdXGtTeP1plX2xE,2015-05-17,https://i.scdn.co/image/ab67616d0000b2737941dc6a3a023016acbe3d06
09cM9BjyNFizKUOXh6j9rT,Sparks Fly,6S6JQWzUrJVcJLK4fi74Fw,2010-01-01,https://i.scdn.co/image/ab67616d0000b273e1bc852a04501952c765d5cd
2ythurkTtSiyfK7GprJoFW,Better Than Revenge,5MfAxS5zz8MlfROjGQVXhy,2010-10-25,https://i.scdn.co/image/ab67616d0000b273e11a75a2f2ff39cec788a015
5jQI2r1RdgtuT8S3iG8zFC,Lavender Haze,151w1FgRZfnKZA9FEcg9Z3,2022-10-21,https://i.scdn.co/image/ab67616d0000b273bb54dde68cd23e2a268ae0f5
4GBkffrtA51p17JH35irGA,‘tis the damn season,5jmVg7rwRcgd6ARPAeYNSm,2020-12-10,https://i.scdn.co/image/ab67616d0000b27325751b4b32829d6bbfe6be7f
3fO566xJgwxIa3qGCGBvIC,Fresh Out The Slammer,1Mo4aZ8pdj6L1jx8zSwJnt,2024-04-18,https://i.scdn.co/image/ab67616d0000b2735076e4160d018e378f488c33
4CHpVfAhuxNJ3ibExe6kxO,You All Over Me (feat. Maren Morris) (Taylor’s Version) (From The Vault),4hDok0OAJd57SGIT8xuWJH,2021-04-09,https://i.scdn.co/image/ab67616d0000b273a48964b5d9a3d6968ae3e0de
5Gz9GFSwHObbmjSRHgTphe,Fearless - Instrumental with BGV,1CYlmaXajTC59VJWSSeE7Y,2008-11-11,https://i.scdn.co/image/ab67616d0000b2733aaff042743bac0fdec793fc
2RM02ladxD5mgdrlAwh3h9,Teardrops On My Guitar - International Mix,08CWGiv27MVQhYpuTtvx83,2008-11-11,https://i.scdn.co/image/ab67616d0000b273516c279fe91ae3f6a79b23da
7eResoqEJJAVTkQYSqvO3P,That’s When (feat. Keith Urban) (Taylor’s Version) (From The Vault),4hDok0OAJd57SGIT8xuWJH,2021-04-09,https://i.scdn.co/image/ab67616d0000b273a48964b5d9a3d6968ae3e0de
0HTZpLa2SjBmuJ6zJ7OqMm,Holy Ground - Commentary,4jTYApZPMapg56gRycOn0D,2012-10-22,https://i.scdn.co/image/ab67616d0000b2731c248e90c3e569f90aef9dec
4hqJ4bSlYJOXb6Z4SRmzxs,Long Live (Taylor's Version),5AEDGbliTTfjOB8TSm1sxt,2023-07-07,https://i.scdn.co/image/ab67616d0000b2730b04da4f224b51ff86e0a481
7lFNXsbcbds699xCWO3pSe,Dear Reader,4894htPwC6zoiuTqUQwn4I,2022-10-21,https://i.scdn.co/image/ab67616d0000b2734a97c76d7b4f6530f439c249
5OOd01o2YS1QFwdpVLds3r,Invisible,7mzrIsaAjnXihW3InKjlC3,2006-10-24,https://i.scdn.co/image/ab67616d0000b2732f8c0fd72a80a93f8c53b96c
5ckUacHVEsmgJI7akKHadD,Out Of The Woods - Commentary,6EsTJnpahwW6xX20zvqQgZ,2014-10-27,https://i.scdn.co/image/ab67616d0000b2730432bfd9e6adb616fd8bcc97
1xwAWUI6Dj0WGC3KiUPN0O,Vigilante Shit,151w1FgRZfnKZA9FEcg9Z3,2022-10-21,https://i.scdn.co/image/ab67616d0000b273bb54dde68cd23e2a268ae0f5
28M2gifMU282QBM3fKajIS,Haunted,5MfAxS5zz8MlfROjGQVXhy,2010-10-25,https://i.scdn.co/image/ab67616d0000b273e11a75a2f2ff39cec788a015
71CBDRKmF2VeRKYMG1DFBh,Bigger Than The Whole Sky,1fnJ7k0bllNfL1kVdNVW1A,2023-05-26,https://i.scdn.co/image/ab67616d0000b273fa747621a53c8e2cc436dee0
3pHkh7d0lzM2AldUtz2x37,The Archer,1NAmidJlEaVgA3MpcPFYGq,2019-08-23,https://i.scdn.co/image/ab67616d0000b273e787cffec20aa2a396a61647
4VbErhGDMTnvPAnt5z70DL,You're Not Sorry - CSI Remix,5sZIjREu3s225wwqJkgsYV,2020-02-07,https://i.scdn.co/image/ab67616d0000b273e8ae61ef7ff5c29b9f84828f
6ce41JVa6KFaryfmC2bu2W,22,4jTYApZPMapg56gRycOn0D,2012-10-22,https://i.scdn.co/image/ab67616d0000b2731c248e90c3e569f90aef9dec
3CWq0pAKKTWb0K4yiglDc4,You’re Losing Me (From The Vault),5q3jthpn2h59P7pe2gmAl7,2023-11-29,https://i.scdn.co/image/ab67616d0000b2734fe1868aa6838eb595f3673a
6GXgd1BPD9bUpqw5AntGV5,All You Had To Do Was Stay (Taylor's Version),64LU4c1nfjz1t4VnGhagcg,2023-10-26,https://i.scdn.co/image/ab67616d0000b273904445d70d04eb24d6bb79ac
2ByBBvpR9b7IynvRmnG7kG,Clean (Taylor's Version),64LU4c1nfjz1t4VnGhagcg,2023-10-26,https://i.scdn.co/image/ab67616d0000b273904445d70d04eb24d6bb79ac
6MWoRt97mnSTXZhu3ggi9C,hoax,2fenSS68JI1h4Fo296JfGr,2020-07-24,https://i.scdn.co/image/ab67616d0000b27395f754318336a07e85ec59bc
2Sy2oGjP5RYB4cLVoDU0Gz,Delicate - Seeb Remix,7gU675c7KZ54MzEcL1O3px,2018-06-08,https://i.scdn.co/image/ab67616d0000b2737809d9723e21370fe5926a7c
1hjRhYpWyqDpPahmSlUTlc,Style (Taylor's Version),64LU4c1nfjz1t4VnGhagcg,2023-10-26,https://i.scdn.co/image/ab67616d0000b273904445d70d04eb24d6bb79ac
2fPvQfGQEZOKtJ9qXeL4x8,I Can Do It With a Broken Heart,5H7ixXZfsNMGbIE5OBSpcb,2024-04-19,https://i.scdn.co/image/ab67616d0000b2738ecc33f195df6aa257c39eaa
6pYNq0ZwpPVazKzsqpf0G8,The Very First Night (Taylor's Version) (From The Vault),6kZ42qRrzov54LcAk4onW9,2021-11-12,https://i.scdn.co/image/ab67616d0000b273318443aab3531a0558e79a4d
0pjBqAz8GlxGlpaU4W0DxS,Cruel Summer - LP Giobbi Remix,1nqF9ybDGwuGl1rVERp5Q4,2023-10-19,https://i.scdn.co/image/ab67616d0000b273f669b4e7f0327c92909bc762
7GZ3KDorsc1yWndEtzGTjf,White Christmas,7vzYp7FrKnTRoktBYsx9SF,2008-12-02,https://i.scdn.co/image/ab67616d0000b2732a0face7d69df61c20a6db2b
64FzgoLZ3oXu2SriZblHic,Bad Blood (Taylor's Version),64LU4c1nfjz1t4VnGhagcg,2023-10-26,https://i.scdn.co/image/ab67616d0000b273904445d70d04eb24d6bb79ac
5fOV54t6mMYv3H9CsnvU81,ME! - Live From Paris,1jIp7CChnwdj9zUCvPxzQ7,2020-05-17,https://i.scdn.co/image/ab67616d0000b273d8f29c3584e77996dd2f9950
22Zg9JjEgM0JV5HvLXNJAh,The Last Time - Commentary,4jTYApZPMapg56gRycOn0D,2012-10-22,https://i.scdn.co/image/ab67616d0000b2731c248e90c3e569f90aef9dec
4OAuvHryIVv4kMDNSLuPt6,Red (Taylor's Version),6kZ42qRrzov54LcAk4onW9,2021-11-12,https://i.scdn.co/image/ab67616d0000b273318443aab3531a0558e79a4d
4i0M7glXqIIRKPwbLtpExi,Love Story - J Stax Radio Mix,6tgMb6LEwb3yj7BdYy462y,2008-11-11,https://i.scdn.co/image/ab67616d0000b2736ff72554305455511e786687
2F3N9tdombb64aW6VtZOdo,Down Bad,1Mo4aZ8pdj6L1jx8zSwJnt,2024-04-18,https://i.scdn.co/image/ab67616d0000b2735076e4160d018e378f488c33
47HtKpfzpAt8rQjjXWotFj,Forever & Always,2dqn5yOQWdyGwOpOIi9O4x,2008-11-11,https://i.scdn.co/image/ab67616d0000b2737b25c072237f29ee50025fdc
4Ar3jciiuPXAMGjQpMWo34,I Almost Do,4jTYApZPMapg56gRycOn0D,2012-10-22,https://i.scdn.co/image/ab67616d0000b2731c248e90c3e569f90aef9dec
1wtOxkiel43cVs0Yux5Q4h,Snow On The Beach (feat. Lana Del Rey),151w1FgRZfnKZA9FEcg9Z3,2022-10-21,https://i.scdn.co/image/ab67616d0000b273bb54dde68cd23e2a268ae0f5
72GIZuUXo14oyrS0si3Rgc,The Story Of Us - Live,6fyR4wBPwLHKcRtxgd4sGh,2010-10-25,https://i.scdn.co/image/ab67616d0000b273be4ec62353ee75fa11f6d6f7
4dYUOfmWna6DFccnz732n8,How You Get The Girl,2QJmrSgbdM35R67eoGQo4j,2014-10-27,https://i.scdn.co/image/ab67616d0000b2739abdf14e6058bd3903686148
2PBghI9zJkQEWBzMSMo2Ki,Speak Now,6S6JQWzUrJVcJLK4fi74Fw,2010-01-01,https://i.scdn.co/image/ab67616d0000b273e1bc852a04501952c765d5cd
62rlxI6g2PNaWsHoiRryto,Haunted - Acoustic Version,5EpMjweRD573ASl7uNiHym,2010-10-25,https://i.scdn.co/image/ab67616d0000b2732e4ec3175d848eca7b76b07f
7F5oktn5YOsR9eR5YsFtqb,New Year’s Day,6DEjYFkNZh67HP7R9PSZvv,2017-11-10,https://i.scdn.co/image/ab67616d0000b273da5d5aeeabacacc1263c0f4b
4evLyY5Ue1Wesc61t2KXAU,Superman (Taylor’s Version),5AEDGbliTTfjOB8TSm1sxt,2023-07-07,https://i.scdn.co/image/ab67616d0000b2730b04da4f224b51ff86e0a481
4wFUdSCer8bdQsrp1M90sa,Highway Don't Care,1O3BsjGx9plSOJ036ZY4Fl,2013-01-01,https://i.scdn.co/image/ab67616d0000b27393b8a33577c83e2463eec47b
22bPsP2jCgbLUvh82U0Z3M,The Way I Loved You (Taylor’s Version),4hDok0OAJd57SGIT8xuWJH,2021-04-09,https://i.scdn.co/image/ab67616d0000b273a48964b5d9a3d6968ae3e0de
1K39ty6o1sHwwlZwO6a7wK,Wildest Dreams (Taylor's Version),64LU4c1nfjz1t4VnGhagcg,2023-10-26,https://i.scdn.co/image/ab67616d0000b273904445d70d04eb24d6bb79ac
2Ta5c5Z6DvM8GX0U1polSo,willow - dancing witch version (Elvira remix),6WzAiEDGTU7KmEyGwLpBXB,2020-12-16,https://i.scdn.co/image/ab67616d0000b2738312c50a6b9046d7dea5de12
3GCL1PydwsLodcpv0Ll1ch,You Belong With Me,2dqn5yOQWdyGwOpOIi9O4x,2008-11-11,https://i.scdn.co/image/ab67616d0000b2737b25c072237f29ee50025fdc
1qrpoAMXodY6895hGKoUpA,You Belong With Me (Taylor’s Version),4hDok0OAJd57SGIT8xuWJH,2021-04-09,https://i.scdn.co/image/ab67616d0000b273a48964b5d9a3d6968ae3e0de
2d3d9xZutJjmUpntiyHt3F,Anti-Hero - Acoustic Version,5vgWXUueeEU2labRz6TlNv,2022-11-25,https://i.scdn.co/image/ab67616d0000b2730fc559ebbed8b0b100ad206c
4cOWq0cVsKjxaQpRMbDoH1,seven - the long pond studio sessions,0PZ7lAru5FDFHuirTkWe9Z,2020-11-25,https://i.scdn.co/image/ab67616d0000b273045514e3ed4e1767a7c3ece5
4pJi1rVt9GNegU9kywjg4z,Teardrops on My Guitar - Pop Version,7mzrIsaAjnXihW3InKjlC3,2006-10-24,https://i.scdn.co/image/ab67616d0000b2732f8c0fd72a80a93f8c53b96c
3xYJScVfxByb61dYHTwiby,Hits Different,1fnJ7k0bllNfL1kVdNVW1A,2023-05-26,https://i.scdn.co/image/ab67616d0000b273fa747621a53c8e2cc436dee0
7BT9K9BDqq6HI2oWH5UMZQ,Treacherous - Original Demo Recording,1KlU96Hw9nlvqpBPlSqcTV,2012-10-22,https://i.scdn.co/image/ab67616d0000b273a7613d346501b828b56a0bc3
2NIBaWXdjaTDmytjjwbEfP,Eyes Open (Taylor's Version),6AeF9IkXFpHz5H3wUNX3L3,2021-11-12,https://i.scdn.co/image/ab67616d0000b273d5cc403148a5161b4561cf61
7qEUFOVcxRI19tbT68JcYK,Everything Has Changed (feat. Ed Sheeran) (Taylor’s Version),6kZ42qRrzov54LcAk4onW9,2021-11-12,https://i.scdn.co/image/ab67616d0000b273318443aab3531a0558e79a4d
3S7HNKPakdwNEBFIVTL6dZ,Treacherous (Taylor's Version),6kZ42qRrzov54LcAk4onW9,2021-11-12,https://i.scdn.co/image/ab67616d0000b273318443aab3531a0558e79a4d
7D4bd801muwRfuo5F3KkGk,Love Story - Commentary,3EzFY9Rg0PpbADMth746zi,2008-11-11,https://i.scdn.co/image/ab67616d0000b27360cb9332e8c8c7d8e50854b3
12ntTeqEeTg7GAVpe8Mhpl,marjorie,2Xoteh7uEpea4TohMxjtaq,2020-12-11,https://i.scdn.co/image/ab67616d0000b27333b8541201f1ef38941024be
59KOoHFcw5XfICnO57holu,Last Kiss (Taylor's Version),5AEDGbliTTfjOB8TSm1sxt,2023-07-07,https://i.scdn.co/image/ab67616d0000b2730b04da4f224b51ff86e0a481
5zytSTR2g0I9psX2Z12ex6,Jump Then Fall,1MPAXuTVL2Ej5x0JHiSPq8,2017-11-09,https://i.scdn.co/image/ab67616d0000b27363d77f99117b28af9f656918
4YHHz3VIXgNDGdoL9xC1tx,peace - the long pond studio sessions,0PZ7lAru5FDFHuirTkWe9Z,2020-11-25,https://i.scdn.co/image/ab67616d0000b273045514e3ed4e1767a7c3ece5
2v1ivOOsgn64g5OywuH55L,The Smallest Man Who Ever Lived,1Mo4aZ8pdj6L1jx8zSwJnt,2024-04-18,https://i.scdn.co/image/ab67616d0000b2735076e4160d018e378f488c33
43rA71bccXFGD4C8GOpIlN,I Forgot That You Existed,1NAmidJlEaVgA3MpcPFYGq,2019-08-23,https://i.scdn.co/image/ab67616d0000b273e787cffec20aa2a396a61647
2hmafYGj1CXYKIYcMnX4lj,cardigan - cabin in candlelight version,3kqqalY92DENp7FiztDOjH,2020-07-30,https://i.scdn.co/image/ab67616d0000b27326ade10c17424417bd06f1d6
6dTA6y0C2ReQklntzZl8l3,The Story Of Us (Taylor's Version),5AEDGbliTTfjOB8TSm1sxt,2023-07-07,https://i.scdn.co/image/ab67616d0000b2730b04da4f224b51ff86e0a481
0vvt4IZOMkRug195S4MUq0,If This Was A Movie,5EpMjweRD573ASl7uNiHym,2010-10-25,https://i.scdn.co/image/ab67616d0000b2732e4ec3175d848eca7b76b07f
6Eu31gddWw0gOGO506pJYA,Fearless,2dqn5yOQWdyGwOpOIi9O4x,2008-11-11,https://i.scdn.co/image/ab67616d0000b2737b25c072237f29ee50025fdc
5hiqtrACtMJkNpaNHj0n9Z,Come Back...Be Here,1MPAXuTVL2Ej5x0JHiSPq8,2017-11-09,https://i.scdn.co/image/ab67616d0000b27363d77f99117b28af9f656918
2ULNeSomDxVNmdDy8VxEBU,22,1EoDsNmgTLtmwe1BDAVxV5,2012-10-22,https://i.scdn.co/image/ab67616d0000b27396384c98ac4f3e7c2440f5b5
5enxwA8aAbwZbf5qCHORXi,All Too Well (10 Minute Version) (Taylor's Version) (From The Vault),6kZ42qRrzov54LcAk4onW9,2021-11-12,https://i.scdn.co/image/ab67616d0000b273318443aab3531a0558e79a4d
6Q237Ts37YGYRIi5Vy5lVX,Safe & Sound (feat. Joy Williams and John Paul White) (Taylor’s Version),1qEs8XpGGduMUF7jfAs5l3,2021-11-12,https://i.scdn.co/image/ab67616d0000b273e508c5f5080d8a6c9db576df
2yLa0QULdQr0qAIvVwN6B5,...Ready For It?,6DEjYFkNZh67HP7R9PSZvv,2017-11-10,https://i.scdn.co/image/ab67616d0000b273da5d5aeeabacacc1263c0f4b
5QVVjX0ZItqlVpEuVCM9Yg,This Love (Taylor’s Version),64LU4c1nfjz1t4VnGhagcg,2023-10-26,https://i.scdn.co/image/ab67616d0000b273904445d70d04eb24d6bb79ac
5F7hpFKLmWgMHGxQuwssuv,willow - moonlit witch version,6WzAiEDGTU7KmEyGwLpBXB,2020-12-16,https://i.scdn.co/image/ab67616d0000b2738312c50a6b9046d7dea5de12
6VsvKPJ4xjVNKpI8VVZ3SV,invisible string,2fenSS68JI1h4Fo296JfGr,2020-07-24,https://i.scdn.co/image/ab67616d0000b27395f754318336a07e85ec59bc
4CkgMiMqZ5JzW9iYXSTMTL,I Bet You Think About Me (feat. Chris Stapleton) (Taylor’s Version) (From The Vault),6kZ42qRrzov54LcAk4onW9,2021-11-12,https://i.scdn.co/image/ab67616d0000b273318443aab3531a0558e79a4d
3ZHTwJzCNDFvjLpVQiqpH6,Gorgeous - Karaoke Version,1MHuZZrGT36cXLxAQ5cLP3,2018-03-09,https://i.scdn.co/image/ab67616d0000b27305fd6906725e3f12544c2d04
4YrpqEBNuz7IMsZtUP6bNQ,Anti-Hero - Jayda G Remix,7irmI5g3OLC1gUXlxysOWt,2022-11-11,https://i.scdn.co/image/ab67616d0000b2739954fa9f0ba8534c3897b59d
4PdLaGZubp4lghChqp8erB,The Tortured Poets Department,5H7ixXZfsNMGbIE5OBSpcb,2024-04-19,https://i.scdn.co/image/ab67616d0000b2738ecc33f195df6aa257c39eaa
4R2kfaDFhslZEMJqAFNpdd,cardigan,2fenSS68JI1h4Fo296JfGr,2020-07-24,https://i.scdn.co/image/ab67616d0000b27395f754318336a07e85ec59bc
6wn61Fzx9XMxQmieLpoIhW,White Horse,2dqn5yOQWdyGwOpOIi9O4x,2008-11-11,https://i.scdn.co/image/ab67616d0000b2737b25c072237f29ee50025fdc
0BSmbCIY36iw04azzJ3S0S,Drops Of Jupiter - Live/2011,6fyR4wBPwLHKcRtxgd4sGh,2010-10-25,https://i.scdn.co/image/ab67616d0000b273be4ec62353ee75fa11f6d6f7
5JtXBqKLdfzwedmlUjjqAm,Don't Blame Me - Karaoke Version,1MHuZZrGT36cXLxAQ5cLP3,2018-03-09,https://i.scdn.co/image/ab67616d0000b27305fd6906725e3f12544c2d04
7Ae2hYOcJmLbGCYIA3M1VM,Hey Stephen - Commentary,3EzFY9Rg0PpbADMth746zi,2008-11-11,https://i.scdn.co/image/ab67616d0000b27360cb9332e8c8c7d8e50854b3
0ruvufCIGCWaf67Tb8R64O,Enchanted - Instrumental With Background Vocals,3QXlUpSDgakWZK2WqQv0pF,2010-10-25,https://i.scdn.co/image/ab67616d0000b27366271168cb30f17767b1f410
7r7j12XctfJqZWXsy1Zq9L,Christmas Tree Farm (Old Timey Version),5f4rbgZJhYp4hgswKri00b,2021-11-22,https://i.scdn.co/image/ab67616d0000b2738538f5677d3ffe87257ac6c2
67Io3gxHwfbUreBf114c0u,Mine,6S6JQWzUrJVcJLK4fi74Fw,2010-01-01,https://i.scdn.co/image/ab67616d0000b273e1bc852a04501952c765d5cd
6lzc0Al0zfZOIFsFvBS1ki,State Of Grace (Taylor's Version),6kZ42qRrzov54LcAk4onW9,2021-11-12,https://i.scdn.co/image/ab67616d0000b273318443aab3531a0558e79a4d
6znB7YZhMJT2B83zfbiyLq,Haunted - Live/2011,6fyR4wBPwLHKcRtxgd4sGh,2010-10-25,https://i.scdn.co/image/ab67616d0000b273be4ec62353ee75fa11f6d6f7
670fUmXf4KQekzbEgaXyPA,dorothea,2Xoteh7uEpea4TohMxjtaq,2020-12-11,https://i.scdn.co/image/ab67616d0000b27333b8541201f1ef38941024be
0PurA4JVJ8YQgSVopY8fn6,tolerate it,2Xoteh7uEpea4TohMxjtaq,2020-12-11,https://i.scdn.co/image/ab67616d0000b27333b8541201f1ef38941024be
73OX8GdpOeGzKC6OvGSbsv,A Place in this World,7mzrIsaAjnXihW3InKjlC3,2006-10-24,https://i.scdn.co/image/ab67616d0000b2732f8c0fd72a80a93f8c53b96c
46HGgtwmmuEB8mvDCyjyAc,Forever & Always - Piano Version,43OpbkiiIxJO8ktIB777Nn,2008-11-11,https://i.scdn.co/image/ab67616d0000b27334e5885465afc8a497ac1b7e
214nt20w5wOxJnY462klLw,Miss Americana & The Heartbreak Prince,1NAmidJlEaVgA3MpcPFYGq,2019-08-23,https://i.scdn.co/image/ab67616d0000b273e787cffec20aa2a396a61647
2QA3IixpRcKyOdG7XDzRgv,The Outside,7mzrIsaAjnXihW3InKjlC3,2006-10-24,https://i.scdn.co/image/ab67616d0000b2732f8c0fd72a80a93f8c53b96c
4TtyvyI42C0KFnbDZvNC8Y,I Wish You Would - Voice Memo,34OkZVpuzBa9y40DCy0LPR,2014-10-27,https://i.scdn.co/image/ab67616d0000b273332d85510aba3eb28312cfb2
4NioO5R9sHEZh4cGzMHyNt,Say Don't Go (Taylor's Version) (From The Vault),64LU4c1nfjz1t4VnGhagcg,2023-10-26,https://i.scdn.co/image/ab67616d0000b273904445d70d04eb24d6bb79ac
3Uo7WG0vmLQ07WB4BDwy7D,willow,5jmVg7rwRcgd6ARPAeYNSm,2020-12-10,https://i.scdn.co/image/ab67616d0000b27325751b4b32829d6bbfe6be7f
0tQ9vBYpldCuikPsbgOVKA,Untouchable (Taylor’s Version),4hDok0OAJd57SGIT8xuWJH,2021-04-09,https://i.scdn.co/image/ab67616d0000b273a48964b5d9a3d6968ae3e0de
4pNApnaUWAL2J4KO2eqokq,Come Back...Be Here (Taylor's Version),6kZ42qRrzov54LcAk4onW9,2021-11-12,https://i.scdn.co/image/ab67616d0000b273318443aab3531a0558e79a4d
7IWcDWOfiooH5hRs9XOVYz,Fresh Out The Slammer,5H7ixXZfsNMGbIE5OBSpcb,2024-04-19,https://i.scdn.co/image/ab67616d0000b2738ecc33f195df6aa257c39eaa
7ogK4lJDVDMU6A6vYR5rvD,thanK you aIMee,5H7ixXZfsNMGbIE5OBSpcb,2024-04-19,https://i.scdn.co/image/ab67616d0000b2738ecc33f195df6aa257c39eaa
3ExweHKZF9B752DPQByRVT,Change (Taylor’s Version),4hDok0OAJd57SGIT8xuWJH,2021-04-09,https://i.scdn.co/image/ab67616d0000b273a48964b5d9a3d6968ae3e0de
0ug5NqcwcFR2xrfTkc7k8e,Style,1yGbNOtRIgdIiGHOEBaZWf,2014-01-01,https://i.scdn.co/image/ab67616d0000b27352b2a3824413eefe9e33817a
6cf6rLb8qcklvJv90W6HCW,Girl At Home,1KlU96Hw9nlvqpBPlSqcTV,2012-10-22,https://i.scdn.co/image/ab67616d0000b273a7613d346501b828b56a0bc3
1SymEzIT3H8UZfibCs3TYi,Afterglow,1NAmidJlEaVgA3MpcPFYGq,2019-08-23,https://i.scdn.co/image/ab67616d0000b273e787cffec20aa2a396a61647
5xXqyjLicvEpch72qEryFT,Speak Now (Taylor's Version),5AEDGbliTTfjOB8TSm1sxt,2023-07-07,https://i.scdn.co/image/ab67616d0000b2730b04da4f224b51ff86e0a481
7JKwboSAWRHJI5U1XGTqS3,Big Star (with Taylor Swift) - Live,2njb3cHa1yhUMdu8PT2VhY,2017-10-27,https://i.scdn.co/image/ab67616d0000b2735853bd13dc296d8955d1243a
2YWtcWi3a83pdEg3Gif4Pd,I Think He Knows,1NAmidJlEaVgA3MpcPFYGq,2019-08-23,https://i.scdn.co/image/ab67616d0000b273e787cffec20aa2a396a61647
1zU8j1x3yi9xalMF96pzKp,Dear John (Taylor's Version),5AEDGbliTTfjOB8TSm1sxt,2023-07-07,https://i.scdn.co/image/ab67616d0000b2730b04da4f224b51ff86e0a481
5vyxXfD5gLlyPxGZMEjtmd,Crazier,1fc8tPf36cZhNYpNFrWh7o,2009-01-01,https://i.scdn.co/image/ab67616d0000b2730e8ba185f3e9f15630a7b5fb
7ryS0xBZNYjQqql34GCkDp,Daylight - Live From Paris,2apcAEM6coXOMnHitrpRDk,2020-05-17,https://i.scdn.co/image/ab67616d0000b2739638abe9135aed2817baf686
77p4fRpoeiZMtUy3P9kN21,willow - 90's trend remix,5C41iVpK8HXCe3qlLL3I38,2021-06-14,https://i.scdn.co/image/ab67616d0000b27348ea2c0fbc6682c6d10d91aa
7N015NTIWGjQDddHUdHPoO,exile (feat. Bon Iver) - the long pond studio sessions,0PZ7lAru5FDFHuirTkWe9Z,2020-11-25,https://i.scdn.co/image/ab67616d0000b273045514e3ed4e1767a7c3ece5
5pcjystBtalYeqaiXCcgEY,You All Over Me (feat. Maren Morris) (Taylor’s Version) (From The Vault),5xd9LleY1wqsgKVTwLoXYI,2021-03-26,https://i.scdn.co/image/ab67616d0000b273b7afb31fe699dae7c34eea1b
0xvsgzM8AtBtRHZm5rav8A,The Other Side Of The Door,43OpbkiiIxJO8ktIB777Nn,2008-11-11,https://i.scdn.co/image/ab67616d0000b27334e5885465afc8a497ac1b7e
73YUReisjb3A9ActdLLjJQ,happiness,2Xoteh7uEpea4TohMxjtaq,2020-12-11,https://i.scdn.co/image/ab67616d0000b27333b8541201f1ef38941024be
3z6XUommYDWPHeFhmhhT6j,Message In A Bottle (Taylor's Version) (From The Vault),6kZ42qRrzov54LcAk4onW9,2021-11-12,https://i.scdn.co/image/ab67616d0000b273318443aab3531a0558e79a4d
2R7C9dDqv1UPycvepBFziA,Superman,5EpMjweRD573ASl7uNiHym,2010-10-25,https://i.scdn.co/image/ab67616d0000b2732e4ec3175d848eca7b76b07f
3nsfB1vus2qaloUdcBZvDu,All Too Well (Taylor's Version),6kZ42qRrzov54LcAk4onW9,2021-11-12,https://i.scdn.co/image/ab67616d0000b273318443aab3531a0558e79a4d
6hH37tyeRdyan1mAppmVor,Last Kiss - Live/2011,6fyR4wBPwLHKcRtxgd4sGh,2010-10-25,https://i.scdn.co/image/ab67616d0000b273be4ec62353ee75fa11f6d6f7
645Exr2lJIO45Guht3qyIa,Gasoline (feat. Taylor Swift),396EJBtUzseofX2YCBJVvM,2021-02-19,https://i.scdn.co/image/ab67616d0000b2731bff3b5284c581b83e918d19
4cag67C3v9ToeFivUwDUsE,End Game - Karaoke Version,1MHuZZrGT36cXLxAQ5cLP3,2018-03-09,https://i.scdn.co/image/ab67616d0000b27305fd6906725e3f12544c2d04
3NMrVbIVWT3fPXBj0rNDKG,The Tortured Poets Department,1Mo4aZ8pdj6L1jx8zSwJnt,2024-04-18,https://i.scdn.co/image/ab67616d0000b2735076e4160d018e378f488c33
4twNUyTpLMPWokYmCdFDCH,...Ready For It? - Karaoke Version,1MHuZZrGT36cXLxAQ5cLP3,2018-03-09,https://i.scdn.co/image/ab67616d0000b27305fd6906725e3f12544c2d04
5Iadj8IBPrt634WW0yGPRI,Delicate - Karaoke Version,1MHuZZrGT36cXLxAQ5cLP3,2018-03-09,https://i.scdn.co/image/ab67616d0000b27305fd6906725e3f12544c2d04
7G0gBu6nLdhFDPRLc0HdDG,Mine (Taylor's Version),5AEDGbliTTfjOB8TSm1sxt,2023-07-07,https://i.scdn.co/image/ab67616d0000b2730b04da4f224b51ff86e0a481
2IZ00ed83ygPIiacYScWUE,Untouchable,43OpbkiiIxJO8ktIB777Nn,2008-11-11,https://i.scdn.co/image/ab67616d0000b27334e5885465afc8a497ac1b7e
2msvOEbkK50foYf9BMXr2X,Lover - First Dance Remix,6Ou4LWiU2Vu2V7KdHzw9At,2019-11-26,https://i.scdn.co/image/ab67616d0000b273affd87a5167957a7adbf8e37
0TvQLMecTE8utzoNmvXRbK,Bad Blood,5fy0X0JmZRZnVa2UEicIOl,2014-01-01,https://i.scdn.co/image/ab67616d0000b273b7e976d2b35c767f9012cb72
2yceD2hx5HhOLgkm1CITCi,mirrorball - the long pond studio sessions,0PZ7lAru5FDFHuirTkWe9Z,2020-11-25,https://i.scdn.co/image/ab67616d0000b273045514e3ed4e1767a7c3ece5
43y1WpBdnEy5TR9aZoSQL9,I Wish You Would (Taylor's Version),64LU4c1nfjz1t4VnGhagcg,2023-10-26,https://i.scdn.co/image/ab67616d0000b273904445d70d04eb24d6bb79ac
4OmFmE0fzcMG6g0Y8p4eSD,Better Man (Taylor's Version) (From The Vault),6kZ42qRrzov54LcAk4onW9,2021-11-12,https://i.scdn.co/image/ab67616d0000b273318443aab3531a0558e79a4d
4fiLVxZ0UAsWAzUwGqkZA9,Blank Space - Commentary,6EsTJnpahwW6xX20zvqQgZ,2014-10-27,https://i.scdn.co/image/ab67616d0000b2730432bfd9e6adb616fd8bcc97
45wMBGri1PORPjM9PwFfrS,Blank Space (Taylor's Version),64LU4c1nfjz1t4VnGhagcg,2023-10-26,https://i.scdn.co/image/ab67616d0000b273904445d70d04eb24d6bb79ac
5EsfyTD26nlVQ0DtYo16uJ,King Of My Heart - Karaoke Version,1MHuZZrGT36cXLxAQ5cLP3,2018-03-09,https://i.scdn.co/image/ab67616d0000b27305fd6906725e3f12544c2d04
4L9QDCVNWIFhf2yr8iMvzA,The Last Time,4jTYApZPMapg56gRycOn0D,2012-10-22,https://i.scdn.co/image/ab67616d0000b2731c248e90c3e569f90aef9dec
4yBEU0askBZzE2XEVdEwmx,Red,4jTYApZPMapg56gRycOn0D,2012-10-22,https://i.scdn.co/image/ab67616d0000b2731c248e90c3e569f90aef9dec
3yNJkriPzWjkkDAWHIAVUq,Ours (Taylor’s Version),5AEDGbliTTfjOB8TSm1sxt,2023-07-07,https://i.scdn.co/image/ab67616d0000b2730b04da4f224b51ff86e0a481
0kAZ3H6G9Zac4PMpmobMkj,If This Was A Movie (Taylor’s Version),6IZm7NfvWyXp952VF36Z5F,2021-04-09,https://i.scdn.co/image/ab67616d0000b273afe932e498abc159219bd2f3
1GeLxMgpeCnMJntwyW6rLw,Dear John,6S6JQWzUrJVcJLK4fi74Fw,2010-01-01,https://i.scdn.co/image/ab67616d0000b273e1bc852a04501952c765d5cd
2EFZ9emtKWEglWUQGEQ3P9,Never Grow Up (Taylor's Version),5AEDGbliTTfjOB8TSm1sxt,2023-07-07,https://i.scdn.co/image/ab67616d0000b2730b04da4f224b51ff86e0a481
4aBW31cmkA7BLColUsMEeZ,Beautiful Eyes - Live From Clear Channel Stripped 2008,1ycoesYxIFymXWebfmz828,2008-06-28,https://i.scdn.co/image/ab67616d0000b273c031e8322b3e8684536ed6d0
5QkzyLUb4ggojNDp8G2OxX,Long Live - Live/2011,6fyR4wBPwLHKcRtxgd4sGh,2010-10-25,https://i.scdn.co/image/ab67616d0000b273be4ec62353ee75fa11f6d6f7
2ziekbazMdLS2Gtdo78RID,Christmas Tree Farm - Recorded Live at the 2019 iHeartRadio Jingle Ball,5lIglDJlPaEoqVl2hhi3O0,2020-12-19,https://i.scdn.co/image/ab67616d0000b273052249de01e68c82c8cf0858
0QTBsdoJhamY3Aid3fOsOd,hoax - the long pond studio sessions,0PZ7lAru5FDFHuirTkWe9Z,2020-11-25,https://i.scdn.co/image/ab67616d0000b273045514e3ed4e1767a7c3ece5
2slqvGLwzZZYsT4K4Y1GBC,Only The Young - Featured in Miss Americana,5LGsh3kexUfi3qkIIxb8vK,2020-01-31,https://i.scdn.co/image/ab67616d0000b2734aa13f6de271d8403a82e4a8
55n9yjI6qqXh5F2mYvUc2y,I Don’t Wanna Live Forever (Fifty Shades Darker),1MPAXuTVL2Ej5x0JHiSPq8,2017-11-09,https://i.scdn.co/image/ab67616d0000b27363d77f99117b28af9f656918
7vBlnGdfOLzVEqiOQQxeU8,The Story Of Us,6S6JQWzUrJVcJLK4fi74Fw,2010-01-01,https://i.scdn.co/image/ab67616d0000b273e1bc852a04501952c765d5cd
79uDOz0zuuWS7HWxzMmTa2,Back To December (Taylor's Version),5AEDGbliTTfjOB8TSm1sxt,2023-07-07,https://i.scdn.co/image/ab67616d0000b2730b04da4f224b51ff86e0a481
0gPmM1WtVRg3uENW3o8bfx,Eyes Open (Taylor's Version),1qEs8XpGGduMUF7jfAs5l3,2021-11-12,https://i.scdn.co/image/ab67616d0000b273e508c5f5080d8a6c9db576df
2r9CbjYgFhtAmcFv1cSquB,I Almost Do (Taylor's Version),6kZ42qRrzov54LcAk4onW9,2021-11-12,https://i.scdn.co/image/ab67616d0000b273318443aab3531a0558e79a4d
0A1JLUlkZkp2EFrosoNQi0,Labyrinth,151w1FgRZfnKZA9FEcg9Z3,2022-10-21,https://i.scdn.co/image/ab67616d0000b273bb54dde68cd23e2a268ae0f5
4axSuOg3BqsowKjRpj59RU,Carolina - From The Motion Picture “Where The Crawdads Sing”,5Bwg2XxrjTlrNy6BC7KQZf,2022-06-24,https://i.scdn.co/image/ab67616d0000b2732c683c1b9fa1b711499408f7
6RjKVXi31fui9m4dbiGRrL,I Knew You Were Trouble,5FerdPFXSHSnCVq4OBy4Ey,2012-10-22,https://i.scdn.co/image/ab67616d0000b2737d2f918a1b23f98ceb7510fa
2VuqMjgoKaOHNM8HpxtXKx,The Great War,1fnJ7k0bllNfL1kVdNVW1A,2023-05-26,https://i.scdn.co/image/ab67616d0000b273fa747621a53c8e2cc436dee0
12nBPF4Rh4XLFJV0YLN7uj,Innocent (Taylor's Version),5AEDGbliTTfjOB8TSm1sxt,2023-07-07,https://i.scdn.co/image/ab67616d0000b2730b04da4f224b51ff86e0a481
4d9PtIEVij9jW5OaLinH66,Clara Bow,5H7ixXZfsNMGbIE5OBSpcb,2024-04-19,https://i.scdn.co/image/ab67616d0000b2738ecc33f195df6aa257c39eaa
62E2nR0od0M5HYxuYLaDz7,The Black Dog,5H7ixXZfsNMGbIE5OBSpcb,2024-04-19,https://i.scdn.co/image/ab67616d0000b2738ecc33f195df6aa257c39eaa
4qUijfYU8EoIWiY6oSyrgT,Bye Bye Baby (Taylor’s Version) (From The Vault),4hDok0OAJd57SGIT8xuWJH,2021-04-09,https://i.scdn.co/image/ab67616d0000b273a48964b5d9a3d6968ae3e0de
6oVxXO5oQ4pTpO8RSnkzvv,Dress,6DEjYFkNZh67HP7R9PSZvv,2017-11-10,https://i.scdn.co/image/ab67616d0000b273da5d5aeeabacacc1263c0f4b
2XXwLdtuAcE0HSCu61ijAb,My Boy Only Breaks His Favorite Toys,1Mo4aZ8pdj6L1jx8zSwJnt,2024-04-18,https://i.scdn.co/image/ab67616d0000b2735076e4160d018e378f488c33
4lD3RXyvHpJsM3BhIEC4aA,Lover - Live From Paris,7hvsmGyWH2kJS5X4E4t039,2020-05-17,https://i.scdn.co/image/ab67616d0000b273d29b148f84d0cd04ebdbe919
0NwGC0v03ysCYINtg6ns58,Better Than Revenge (Taylor's Version),5AEDGbliTTfjOB8TSm1sxt,2023-07-07,https://i.scdn.co/image/ab67616d0000b2730b04da4f224b51ff86e0a481
6AtZLIzUINvExIUy4QhdjP,I Knew You Were Trouble (Taylor's Version),6kZ42qRrzov54LcAk4onW9,2021-11-12,https://i.scdn.co/image/ab67616d0000b273318443aab3531a0558e79a4d
0UAdDYrkCvVQftaKpL6q5f,the lakes - original version,40cMfQDrBCDmOaWZuNEmKq,2021-07-24,https://i.scdn.co/image/ab67616d0000b2737d60bda8f85d66599c3fe851
6iiAfo4wTA2CVC3Uwx9uh8,You’re Not Sorry (Taylor’s Version),4hDok0OAJd57SGIT8xuWJH,2021-04-09,https://i.scdn.co/image/ab67616d0000b273a48964b5d9a3d6968ae3e0de
0wavGRldH0AWyu2zvTz8zb,Sweet Nothing,151w1FgRZfnKZA9FEcg9Z3,2022-10-21,https://i.scdn.co/image/ab67616d0000b273bb54dde68cd23e2a268ae0f5
3esA216TyLHEkNiBCeCmcg,The Best Day,2dqn5yOQWdyGwOpOIi9O4x,2008-11-11,https://i.scdn.co/image/ab67616d0000b2737b25c072237f29ee50025fdc
0HmCuN0Z3OX1Qrz43FLOPL,You're Not Sorry,2dqn5yOQWdyGwOpOIi9O4x,2008-11-11,https://i.scdn.co/image/ab67616d0000b2737b25c072237f29ee50025fdc
1VW4AEDihVs3BQB6KnTYIY,Red - Commentary,4jTYApZPMapg56gRycOn0D,2012-10-22,https://i.scdn.co/image/ab67616d0000b2731c248e90c3e569f90aef9dec
24DefNCFiWTP8OjYWiXuYe,Speak Now,5MfAxS5zz8MlfROjGQVXhy,2010-10-25,https://i.scdn.co/image/ab67616d0000b273e11a75a2f2ff39cec788a015
7HuBDWi18s4aJM8UFnNheH,King Of My Heart,6DEjYFkNZh67HP7R9PSZvv,2017-11-10,https://i.scdn.co/image/ab67616d0000b273da5d5aeeabacacc1263c0f4b
3lD0QBGaxvoc9WBDnGHFUi,Treacherous - Commentary,4jTYApZPMapg56gRycOn0D,2012-10-22,https://i.scdn.co/image/ab67616d0000b2731c248e90c3e569f90aef9dec
6K0CJLVXqbGMeJSmJ4ENKK,Tied Together with a Smile,7mzrIsaAjnXihW3InKjlC3,2006-10-24,https://i.scdn.co/image/ab67616d0000b2732f8c0fd72a80a93f8c53b96c
6T0sEnqjmHISIKwFETeeiP,Suburban Legends (Taylor's Version) (From The Vault),64LU4c1nfjz1t4VnGhagcg,2023-10-26,https://i.scdn.co/image/ab67616d0000b273904445d70d04eb24d6bb79ac
0Nw8hv79MLJa1yjtsEgz08,Ronan,4T5606j6qpkQrWlwbKPLOp,2012-09-08,https://i.scdn.co/image/ab67616d0000b273dbe6e4dd1b2a61e375a12c63
5KByGq0JijSSDcy0qzuINs,invisible string - the long pond studio sessions,0PZ7lAru5FDFHuirTkWe9Z,2020-11-25,https://i.scdn.co/image/ab67616d0000b273045514e3ed4e1767a7c3ece5
6NriykdkRrjQMZo1sfVYUo,"no body, no crime (feat. HAIM)",5jmVg7rwRcgd6ARPAeYNSm,2020-12-10,https://i.scdn.co/image/ab67616d0000b27325751b4b32829d6bbfe6be7f
1UlhrRvYzbHEyugEDspXUB,Clara Bow,1Mo4aZ8pdj6L1jx8zSwJnt,2024-04-18,https://i.scdn.co/image/ab67616d0000b2735076e4160d018e378f488c33
5VDHMi7own9vDZjiwDES1e,Wildest Dreams - R3hab Remix,4vkDxA22dFzObjOY1nnXPk,2015-01-01,https://i.scdn.co/image/ab67616d0000b273b8d01ff84dc531f884d90928
2mvabkN1i2gLnGAPUVdwek,Christmas Tree Farm,5JnnrTE35MQagEnEkFthiF,2019-12-06,https://i.scdn.co/image/ab67616d0000b273b550071a3fa8e03f6a83f313
7A2cNLRT0YJc1yjxHlKihs,Starlight (Taylor's Version),6kZ42qRrzov54LcAk4onW9,2021-11-12,https://i.scdn.co/image/ab67616d0000b273318443aab3531a0558e79a4d
4UwqOWDpdeIDVQDuKT6iza,You Are In Love (Taylor's Version),64LU4c1nfjz1t4VnGhagcg,2023-10-26,https://i.scdn.co/image/ab67616d0000b273904445d70d04eb24d6bb79ac
77d7q9TNbsIDmRTDPkPv3L,willow - lonely witch version,6WzAiEDGTU7KmEyGwLpBXB,2020-12-16,https://i.scdn.co/image/ab67616d0000b2738312c50a6b9046d7dea5de12
0RFCHlNuTeUHIB36VuVbOL,"Sweeter Than Fiction - From ""One Chance"" Soundtrack",11e4xCXllbvk8pWc1cCas1,2013-10-21,https://i.scdn.co/image/ab67616d0000b273a8d770d373f0bb3f0818526c
5gl2F1AWDQlUFzXwA4uY72,State Of Grace,4jTYApZPMapg56gRycOn0D,2012-10-22,https://i.scdn.co/image/ab67616d0000b2731c248e90c3e569f90aef9dec
6RvRzl1YJTDnUvdOtV21IK,Wonderland,1yGbNOtRIgdIiGHOEBaZWf,2014-01-01,https://i.scdn.co/image/ab67616d0000b27352b2a3824413eefe9e33817a
3DrjZArsPsoqbLzUZZV1Id,Back To December,5MfAxS5zz8MlfROjGQVXhy,2010-10-25,https://i.scdn.co/image/ab67616d0000b273e11a75a2f2ff39cec788a015
3eX0NZfLtGzoLUxPNvRfqm,Maroon,151w1FgRZfnKZA9FEcg9Z3,2022-10-21,https://i.scdn.co/image/ab67616d0000b273bb54dde68cd23e2a268ae0f5
2m3ObD945KvpE5y9A1eUWm,Jump Then Fall (Taylor’s Version),4hDok0OAJd57SGIT8xuWJH,2021-04-09,https://i.scdn.co/image/ab67616d0000b273a48964b5d9a3d6968ae3e0de
5a9hUL6ZuiagZhazwrtwHF,Should've Said No - Live From Clear Channel Stripped 2008,1ycoesYxIFymXWebfmz828,2008-06-28,https://i.scdn.co/image/ab67616d0000b273c031e8322b3e8684536ed6d0
0dAb8TY433dl3ZfXYCLE19,All You Had To Do Was Stay,2QJmrSgbdM35R67eoGQo4j,2014-10-27,https://i.scdn.co/image/ab67616d0000b2739abdf14e6058bd3903686148
4omftH10jc82Sj8VJ395C7,Shake It Off - Karaoke Version,0bEySlRAkuPxV9KVWhXXBr,2015-02-01,https://i.scdn.co/image/ab67616d0000b273b98fc11a07f752803fbebea4
5og4Qzt92jJzVDkOtSEilb,But Daddy I Love Him,1Mo4aZ8pdj6L1jx8zSwJnt,2024-04-18,https://i.scdn.co/image/ab67616d0000b2735076e4160d018e378f488c33
4L560fic5PaTuCFm6CviKa,This Love,1yGbNOtRIgdIiGHOEBaZWf,2014-01-01,https://i.scdn.co/image/ab67616d0000b27352b2a3824413eefe9e33817a
6RSG1dKPV5gEvILwJb4QtS,loml,1Mo4aZ8pdj6L1jx8zSwJnt,2024-04-18,https://i.scdn.co/image/ab67616d0000b2735076e4160d018e378f488c33
0v4z1tuZvn6LGknom9Qx7d,Babe (Taylor's Version) (From The Vault),6kZ42qRrzov54LcAk4onW9,2021-11-12,https://i.scdn.co/image/ab67616d0000b273318443aab3531a0558e79a4d
49mWEy5MgtNujgT7xU3emT,Breathe,2dqn5yOQWdyGwOpOIi9O4x,2008-11-11,https://i.scdn.co/image/ab67616d0000b2737b25c072237f29ee50025fdc
3r9bgSJlJz2zlevcBRYXko,Both of Us (feat. Taylor Swift),7qqCw47pAWFzhwTpVRd0zE,2012-04-27,https://i.scdn.co/image/ab67616d0000b273a191830c8b300bc71c2faac7
2Rk4JlNc2TPmZe2af99d45,ME! (feat. Brendon Urie of Panic! At The Disco),1NAmidJlEaVgA3MpcPFYGq,2019-08-23,https://i.scdn.co/image/ab67616d0000b273e787cffec20aa2a396a61647
3SBGfIPUVlqt1YGxgZXoJ9,Fearless,1rwH2628RIOVM3WMwwO418,2008-01-01,https://i.scdn.co/image/ab67616d0000b2735ab4f806b1126caf63492fc5
19WjVVgXjdKXfLXoaDPwTM,...Ready For It?,4r9fXZWP29khOI8WaHtsgA,2017-09-03,https://i.scdn.co/image/ab67616d0000b2736d8d80daf86adc5dcf8a80bc
5ExOm0dh4NyRyAdSAO9hyM,Florida!!! (feat. Florence + The Machine),5H7ixXZfsNMGbIE5OBSpcb,2024-04-19,https://i.scdn.co/image/ab67616d0000b2738ecc33f195df6aa257c39eaa
73qMN9bXy7MSPwwGfH3wQr,Sad Beautiful Tragic (Taylor's Version),6kZ42qRrzov54LcAk4onW9,2021-11-12,https://i.scdn.co/image/ab67616d0000b273318443aab3531a0558e79a4d
6RRNNciQGZEXnqk8SQ9yv5,You Need To Calm Down,1NAmidJlEaVgA3MpcPFYGq,2019-08-23,https://i.scdn.co/image/ab67616d0000b273e787cffec20aa2a396a61647
1msEuwSBneBKpVCZQcFTsU,Forever & Always (Taylor’s Version),4hDok0OAJd57SGIT8xuWJH,2021-04-09,https://i.scdn.co/image/ab67616d0000b273a48964b5d9a3d6968ae3e0de
01K4zKU104LyJ8gMb7227B,Nothing New (feat. Phoebe Bridgers) (Taylor’s Version) (From The Vault),6kZ42qRrzov54LcAk4onW9,2021-11-12,https://i.scdn.co/image/ab67616d0000b273318443aab3531a0558e79a4d
4D7BCuvgdJlYvlX5WlN54t,"You're On Your Own, Kid",151w1FgRZfnKZA9FEcg9Z3,2022-10-21,https://i.scdn.co/image/ab67616d0000b273bb54dde68cd23e2a268ae0f5
69o9kr9UexjzeZDE8yD8dQ,Change - Live From Clear Channel Stripped 2008,1ycoesYxIFymXWebfmz828,2008-06-28,https://i.scdn.co/image/ab67616d0000b273c031e8322b3e8684536ed6d0
54fFi9Nqv49JStVsNZCfsZ,...Ready For It? - BloodPop® Remix,14Qw496KH0xlLEmWZ0faJj,2017-12-01,https://i.scdn.co/image/ab67616d0000b2737d343309258e82158dcc6eff
18WFFUIsewmA8g31KAeo3e,The Prophecy,5H7ixXZfsNMGbIE5OBSpcb,2024-04-19,https://i.scdn.co/image/ab67616d0000b2738ecc33f195df6aa257c39eaa
0V3SNHDka1JSCP71HAzpxw,Ours,1MPAXuTVL2Ej5x0JHiSPq8,2017-11-09,https://i.scdn.co/image/ab67616d0000b27363d77f99117b28af9f656918
4YugJd2i96PHwaflBauhXi,Welcome to New York - Commentary,6EsTJnpahwW6xX20zvqQgZ,2014-10-27,https://i.scdn.co/image/ab67616d0000b2730432bfd9e6adb616fd8bcc97
6SYwJcqaltK2WFRmD1unUV,Delicate - Sawyr And Ryan Tedder Mix,7HEXQkjBNiZilJcTWXwLOA,2018-05-25,https://i.scdn.co/image/ab67616d0000b273d8032a149cd86c879c9df63a
