TRACK_ID,TRACK_NAME,ALBUM_ID,ACOUSTICNESS,DANCEABILITY,ENERGY,INSTRUMENTALNESS,KEY,LIVENESS,LOUDNESS,MODE,SPEECHINESS,TEMPO,VALENCE,DURATION_MS
1p80LdxRV74UKvL8gnD7ky,Blank Space,2QJmrSgbdM35R67eoGQo4j,0.085,0.753,0.678,1.64e-06,5,0.13,-5.421,1,0.0644,96.006,0.583,231827
55n9yjI6qqXh5F2mYvUc2y,I Don’t Wanna Live Forever (Fifty Shades Darker),1MPAXuTVL2Ej5x0JHiSPq8,0.0586,0.731,0.445,1.96e-05,0,0.14,-8.418,1,0.0533,117.97,0.106,247160
1BxfuPKGuaTgP7aM0Bbdwr,Cruel Summer,1NAmidJlEaVgA3MpcPFYGq,0.117,0.552,0.702,2.06e-05,9,0.105,-5.707,1,0.157,169.994,0.564,178427
5xTtaWoae3wi06K5WfVUUH,Shake It Off,2QJmrSgbdM35R67eoGQo4j,0.0561,0.647,0.785,0,7,0.148,-5.414,1,0.165,160.015,0.943,219200
0V3wPSX9ygBnCm8psDIegu,Anti-Hero,151w1FgRZfnKZA9FEcg9Z3,0.13,0.637,0.643,1.8e-06,4,0.142,-6.571,1,0.0519,97.008,0.533,200690
1dGr1c8CrMLDpV6mPbImSI,Lover,1NAmidJlEaVgA3MpcPFYGq,0.492,0.359,0.543,1.58e-05,7,0.118,-7.582,1,0.0919,68.534,0.453,221307
4lIxdJw6W3Fg4vUIYCB0S5,Style,2QJmrSgbdM35R67eoGQo4j,0.00253,0.598,0.786,0.0016,2,0.117,-5.572,1,0.0383,95.019,0.456,231000
4R2kfaDFhslZEMJqAFNpdd,cardigan,2fenSS68JI1h4Fo296JfGr,0.537,0.613,0.581,0.000345,0,0.25,-8.588,0,0.0424,130.033,0.551,239560
1P17dC1amhFzptugyAO7Il,Look What You Made Me Do,6DEjYFkNZh67HP7R9PSZvv,0.204,0.766,0.709,1.41e-05,9,0.126,-6.471,0,0.123,128.07,0.506,211853
59HjlYCeBsxdI0fcm3zglw,Wildest Dreams,2QJmrSgbdM35R67eoGQo4j,0.0702,0.554,0.666,0.00593,8,0.106,-7.414,1,0.0747,140.056,0.472,220440
1R0a2iXumgCiFb7HEZ7gUE,Don’t Blame Me,6DEjYFkNZh67HP7R9PSZvv,0.106,0.615,0.534,1.76e-05,9,0.0607,-6.719,0,0.0386,135.917,0.193,236413
6NFyWDv5CjfwuzoCkw47Xf,Delicate,6DEjYFkNZh67HP7R9PSZvv,0.216,0.75,0.404,0.000357,9,0.0911,-10.178,0,0.0682,95.045,0.0499,232253
3hUxzQpSfdDqwM3ZTFQY0K,august,2fenSS68JI1h4Fo296JfGr,0.538,0.532,0.623,7.28e-05,5,0.0925,-9.208,1,0.0331,89.937,0.403,261923
6RRNNciQGZEXnqk8SQ9yv5,You Need To Calm Down,1NAmidJlEaVgA3MpcPFYGq,0.00929,0.771,0.671,0,2,0.0637,-5.617,1,0.0553,85.026,0.714,171360
1vrd6UOGamcKNGnSHJQlSt,Love Story,2dqn5yOQWdyGwOpOIi9O4x,0.17,0.618,0.741,0,2,0.0822,-3.95,1,0.031,118.984,0.296,235267
2Rk4JlNc2TPmZe2af99d45,ME! (feat. Brendon Urie of Panic! At The Disco),1NAmidJlEaVgA3MpcPFYGq,0.033,0.61,0.83,0,0,0.118,-4.105,1,0.0571,182.162,0.728,193000
6FB3v4YcR57y4tXFcdxI1E,I Knew You Were Trouble.,4jTYApZPMapg56gRycOn0D,0.00454,0.622,0.469,2.25e-06,3,0.0335,-6.798,0,0.0363,77.019,0.679,219720
10eBRyImhfqVvkiVEGf0N0,Enchanted,5MfAxS5zz8MlfROjGQVXhy,0.0739,0.455,0.623,0.000424,8,0.146,-3.878,1,0.0288,163.893,0.208,352187
0lx2cLdOt3piJbcaXIV74f,willow,2Xoteh7uEpea4TohMxjtaq,0.833,0.392,0.574,0.00179,7,0.145,-9.195,1,0.17,81.112,0.529,214707
5enxwA8aAbwZbf5qCHORXi,All Too Well (10 Minute Version) (Taylor's Version) (From The Vault),6kZ42qRrzov54LcAk4onW9,0.274,0.631,0.518,0,0,0.088,-8.771,1,0.0303,93.023,0.205,613027
4pvb0WLRcMtbPGmtejJJ6y,exile (feat. Bon Iver),2fenSS68JI1h4Fo296JfGr,0.778,0.298,0.38,5.62e-05,6,0.11,-8.426,1,0.0287,75.602,0.152,285634
0VwNdo84DaVYLIkbVO86ND,We Are Never Ever Getting Back Together,4jTYApZPMapg56gRycOn0D,0.00957,0.628,0.676,2.65e-05,7,0.121,-5.911,1,0.0916,85.984,0.75,193147
3RauEVgRgj1IuWdJ9fDs70,The Man,1NAmidJlEaVgA3MpcPFYGq,0.0767,0.777,0.658,0,0,0.0901,-5.191,1,0.054,110.048,0.633,190360
2yLa0QULdQr0qAIvVwN6B5,...Ready For It?,6DEjYFkNZh67HP7R9PSZvv,0.0527,0.613,0.764,0,2,0.197,-6.509,1,0.136,160.015,0.417,208187
3GCL1PydwsLodcpv0Ll1ch,You Belong With Me,2dqn5yOQWdyGwOpOIi9O4x,0.162,0.687,0.783,1.35e-05,6,0.114,-4.44,1,0.0386,129.964,0.443,231133
5jQI2r1RdgtuT8S3iG8zFC,Lavender Haze,151w1FgRZfnKZA9FEcg9Z3,0.258,0.733,0.436,0.000573,10,0.157,-10.489,1,0.08,96.985,0.0976,202396
7KokYm8cMIXCsGVmUvKtqf,Karma,151w1FgRZfnKZA9FEcg9Z3,0.0734,0.642,0.62,0,8,0.483,-7.091,1,0.0666,90.02,0.0969,204852
6YvqWjhGD8mB5QXcbcUKtx,Love Story (Taylor’s Version),4hDok0OAJd57SGIT8xuWJH,0.13,0.627,0.792,3.97e-06,2,0.0845,-4.311,1,0.031,119.054,0.415,235767
1K39ty6o1sHwwlZwO6a7wK,Wildest Dreams (Taylor's Version),64LU4c1nfjz1t4VnGhagcg,0.0411,0.581,0.672,9.35e-05,8,0.118,-7.415,1,0.0739,140.061,0.514,220433
273dCMFseLcVsoSWx59IoE,Bad Blood,2QJmrSgbdM35R67eoGQo4j,0.0871,0.65,0.802,6.54e-06,7,0.148,-6.114,1,0.181,170.146,0.295,211933
4y5bvROuBDPr5fuwXbIBZR,Paper Rings,1NAmidJlEaVgA3MpcPFYGq,0.0129,0.811,0.719,1.36e-05,9,0.0742,-6.553,1,0.0497,103.979,0.865,222400
3rWDp9tBPQR9z6U5YyRSK4,Midnight Rain,151w1FgRZfnKZA9FEcg9Z3,0.69,0.643,0.363,5.17e-05,0,0.115,-11.738,1,0.0767,139.865,0.23,174783
0VE4kBnHJUgtMf0dy6DRmW,Getaway Car,6DEjYFkNZh67HP7R9PSZvv,0.00465,0.562,0.689,2.23e-06,2,0.0888,-6.745,1,0.127,172.054,0.351,233627
1ZY1PqizIl78geGM4xWlEA,Gorgeous,6DEjYFkNZh67HP7R9PSZvv,0.0713,0.8,0.535,9.48e-06,7,0.213,-6.684,1,0.135,92.027,0.451,209680
0sY6ZUTh4yoctD8VIXz339,champagne problems,2Xoteh7uEpea4TohMxjtaq,0.92,0.462,0.24,0,0,0.113,-12.077,1,0.0377,171.319,0.32,244000
0Jlcvv8IykzHaSmj49uNW8,the 1,2fenSS68JI1h4Fo296JfGr,0.757,0.777,0.357,7.28e-06,0,0.108,-6.942,1,0.0522,139.883,0.172,210252
1qrpoAMXodY6895hGKoUpA,You Belong With Me (Taylor’s Version),4hDok0OAJd57SGIT8xuWJH,0.0623,0.632,0.773,0,6,0.0885,-4.856,1,0.0346,130.033,0.474,231124
4D7BCuvgdJlYvlX5WlN54t,"You're On Your Own, Kid",151w1FgRZfnKZA9FEcg9Z3,0.401,0.696,0.396,5.2e-06,2,0.125,-10.289,1,0.0656,120.041,0.38,194207
2x0WlnmfG39ZuDmstl9xfX,End Game,6DEjYFkNZh67HP7R9PSZvv,0.00845,0.649,0.589,0,2,0.108,-6.237,1,0.0558,159.073,0.151,244827
3qoftcUZaUOncvIYjFSPdE,Bejeweled,151w1FgRZfnKZA9FEcg9Z3,0.0618,0.696,0.559,5.58e-05,7,0.0887,-9.19,1,0.0693,163.999,0.433,194166
3eX0NZfLtGzoLUxPNvRfqm,Maroon,151w1FgRZfnKZA9FEcg9Z3,0.0573,0.637,0.398,1.03e-06,7,0.101,-8.294,1,0.0564,108.075,0.0374,218271
1MgV7FIyNxIG7WzMRJV5HC,my tears ricochet,2fenSS68JI1h4Fo296JfGr,0.806,0.456,0.263,0,0,0.0749,-10.63,1,0.0332,129.86,0.111,255894
1wtOxkiel43cVs0Yux5Q4h,Snow On The Beach (feat. Lana Del Rey),151w1FgRZfnKZA9FEcg9Z3,0.69,0.663,0.319,0.000993,9,0.117,-13.481,1,0.0375,109.957,0.193,256124
4svZDCRz4cJoneBpjpx8DJ,I Did Something Bad,6DEjYFkNZh67HP7R9PSZvv,0.0679,0.696,0.602,2.11e-05,0,0.0696,-6.156,0,0.159,82.989,0.305,238253
6ce41JVa6KFaryfmC2bu2W,22,4jTYApZPMapg56gRycOn0D,0.00215,0.661,0.729,0.0013,7,0.0477,-6.561,1,0.0376,103.987,0.668,232120
3DrjZArsPsoqbLzUZZV1Id,Back To December,5MfAxS5zz8MlfROjGQVXhy,0.117,0.529,0.67,0,2,0.334,-4.663,1,0.0303,141.893,0.286,293027
22bPsP2jCgbLUvh82U0Z3M,The Way I Loved You (Taylor’s Version),4hDok0OAJd57SGIT8xuWJH,0.0033,0.402,0.732,0,5,0.108,-4.665,1,0.0484,161.032,0.472,243137
0ZNU020wNYvgW84iljPkPP,mirrorball,2fenSS68JI1h4Fo296JfGr,0.687,0.553,0.413,2.33e-06,2,0.0594,-10.037,1,0.0334,110.107,0.379,208978
1GwMQaZz6Au3QLDbjbMdme,Call It What You Want,6DEjYFkNZh67HP7R9PSZvv,0.186,0.598,0.504,0.000221,9,0.34,-9.874,1,0.0731,163.954,0.252,203507
1SymEzIT3H8UZfibCs3TYi,Afterglow,1NAmidJlEaVgA3MpcPFYGq,0.13,0.756,0.449,0,9,0.114,-8.746,1,0.0344,111.011,0.399,223293
1xwAWUI6Dj0WGC3KiUPN0O,Vigilante Shit,151w1FgRZfnKZA9FEcg9Z3,0.173,0.798,0.277,5.25e-05,4,0.121,-11.096,0,0.39,79.846,0.163,164801
2CYVETnhM9aytqrazYYwrK,Mr. Perfectly Fine (Taylor’s Version) (From The Vault),4hDok0OAJd57SGIT8xuWJH,0.162,0.66,0.817,0,11,0.0667,-6.269,0,0.0521,135.942,0.714,277592
7kt9e9LFSpN1zQtYEl19o1,this is me trying,2fenSS68JI1h4Fo296JfGr,0.314,0.515,0.476,4.74e-05,9,0.171,-9.843,1,0.0328,135.886,0.412,195097
5OndtwLGA9O6XHFcGm2H7r,Out Of The Woods,2QJmrSgbdM35R67eoGQo4j,0.00103,0.552,0.842,1.17e-05,7,0.337,-6.938,1,0.0373,91.991,0.343,235800
3pHkh7d0lzM2AldUtz2x37,The Archer,1NAmidJlEaVgA3MpcPFYGq,0.12,0.292,0.574,0.00569,0,0.0663,-9.375,1,0.0401,124.344,0.166,211240
43rA71bccXFGD4C8GOpIlN,I Forgot That You Existed,1NAmidJlEaVgA3MpcPFYGq,0.298,0.664,0.316,2.03e-06,5,0.0812,-10.345,1,0.519,92.875,0.541,170640
2NmsngXHeC1GQ9wWrzhOMf,illicit affairs,2fenSS68JI1h4Fo296JfGr,0.881,0.559,0.31,0,10,0.106,-10.445,1,0.0338,119.845,0.46,190898
2Eeur20xVqfUoM3Q7EFPFt,the last great american dynasty,2fenSS68JI1h4Fo296JfGr,0.467,0.686,0.662,0.0023,7,0.109,-8.505,1,0.0413,147.922,0.706,230999
6VsvKPJ4xjVNKpI8VVZ3SV,invisible string,2fenSS68JI1h4Fo296JfGr,0.838,0.653,0.452,7.73e-05,4,0.108,-11.143,0,0.055,83.433,0.45,252881
5kI4eCXXzyuIUXjQra0Cxi,betty,2fenSS68JI1h4Fo296JfGr,0.6,0.593,0.377,0,0,0.0976,-8.761,1,0.0253,95.939,0.502,294521
15DeqWWQB4dcEWzJg15VrN,Our Song,7mzrIsaAjnXihW3InKjlC3,0.111,0.668,0.672,0,2,0.329,-4.931,1,0.0303,89.011,0.539,201107
214nt20w5wOxJnY462klLw,Miss Americana & The Heartbreak Prince,1NAmidJlEaVgA3MpcPFYGq,0.028,0.662,0.747,0.00615,11,0.138,-6.926,0,0.0736,150.088,0.487,234147
1fzAuUVbzlhZ1lJAx9PtY6,Daylight,1NAmidJlEaVgA3MpcPFYGq,0.808,0.557,0.496,0.000173,0,0.0772,-9.602,1,0.0563,149.983,0.265,293453
1LLXZFeAHK9R4xUramtUKw,London Boy,1NAmidJlEaVgA3MpcPFYGq,0.0246,0.695,0.71,0.000104,1,0.133,-6.639,1,0.05,157.925,0.557,190240
12M5uqx0ZuwkpLp5rJim1a,Cornelia Street,1NAmidJlEaVgA3MpcPFYGq,0.781,0.824,0.624,0.000189,0,0.1,-9.728,1,0.0827,102.012,0.248,287267
17yraMKqmZIKAv3iaGcoLX,All Of The Girls You Loved Before,2KLFL8R9r2ubCQxbBxgLT7,0.678,0.55,0.481,8.53e-05,2,0.126,-9.668,1,0.094,191.842,0.419,221407
7FmYn9e7KHMXcxqGSj9LjH,Mastermind,151w1FgRZfnKZA9FEcg9Z3,0.553,0.662,0.357,0.00129,4,0.0837,-14.064,1,0.154,125.966,0.124,191039
3Z1kZKYfRC8iRXnYeC5sCJ,Everything Has Changed,4jTYApZPMapg56gRycOn0D,0.36,0.624,0.458,3.89e-06,6,0.311,-6.755,1,0.0287,80.016,0.436,245413
6rZVy6FIG7lSJQMFXHo12z,New Romantics,34OkZVpuzBa9y40DCy0LPR,0.00463,0.633,0.889,0.000458,5,0.0658,-5.87,1,0.0715,121.956,0.584,230467
0heeNYlwOGuUSe7TgUD27B,Question...?,151w1FgRZfnKZA9FEcg9Z3,0.2,0.751,0.502,0,7,0.296,-8.763,1,0.167,108.943,0.106,210557
6AtZLIzUINvExIUy4QhdjP,I Knew You Were Trouble (Taylor's Version),6kZ42qRrzov54LcAk4onW9,0.0129,0.584,0.557,0,6,0.0576,-6.371,1,0.0342,154.008,0.767,219760
6KJqZcs9XDgVck7Lg9QOTC,seven,2fenSS68JI1h4Fo296JfGr,0.9,0.596,0.488,2.7e-05,4,0.091,-10.769,1,0.0274,94.926,0.415,208907
3i9UVldZOE0aD0JnyfAZZ0,Lover (Remix) [feat. Shawn Mendes],2UfvnX1YYeC2cExMQTMbXC,0.433,0.448,0.603,0,7,0.0862,-7.176,1,0.064,205.272,0.422,221307
6oVxXO5oQ4pTpO8RSnkzvv,Dress,6DEjYFkNZh67HP7R9PSZvv,0.0329,0.719,0.469,0,0,0.169,-8.792,1,0.0533,120.085,0.0851,230373
3zwMVvkBe2qIKDObWgXw4N,right where you left me - bonus track,6AORtDjduMM3bupSWzbTSG,0.769,0.581,0.619,0.000106,10,0.117,-6.524,1,0.0282,137.915,0.645,245027
2dgFqt3w9xIQRjhPtwNk3D,Death By A Thousand Cuts,1NAmidJlEaVgA3MpcPFYGq,0.454,0.712,0.732,0,4,0.319,-6.754,1,0.0629,94.071,0.313,198533
4yBEU0askBZzE2XEVdEwmx,Red,4jTYApZPMapg56gRycOn0D,0.0773,0.602,0.896,8.87e-05,1,0.0911,-4.267,0,0.0437,124.978,0.641,223093
5BK0uqwY9DNfZ630STAEaq,gold rush,2Xoteh7uEpea4TohMxjtaq,0.83,0.512,0.462,0.166,9,0.121,-10.491,1,0.0408,112.05,0.353,185320
5YqltLsjdqFtvqE7Nrysvs,We Are Never Ever Getting Back Together (Taylor's Version),6kZ42qRrzov54LcAk4onW9,0.0317,0.567,0.686,1.86e-06,7,0.0732,-6.139,1,0.175,172.014,0.716,193147
7HH8rEmkK5JENnv869MDCz,All Too Well,4jTYApZPMapg56gRycOn0D,0.0382,0.602,0.609,0.0002,0,0.128,-7.803,1,0.0243,93.06,0.337,329160
6qnM0XXPZOINWA778uNqQ9,Welcome To New York,2QJmrSgbdM35R67eoGQo4j,0.038,0.793,0.634,1.76e-06,7,0.304,-4.807,1,0.0324,117.024,0.615,212600
3RaT22zZsxVYxxKR7TAaYF,"no body, no crime (feat. HAIM)",2Xoteh7uEpea4TohMxjtaq,0.418,0.546,0.613,0,7,0.103,-7.589,0,0.0264,79.015,0.535,215627
2YWtcWi3a83pdEg3Gif4Pd,I Think He Knows,1NAmidJlEaVgA3MpcPFYGq,0.00889,0.897,0.366,0.000353,0,0.0715,-8.029,1,0.0569,100.003,0.416,173387
4OAuvHryIVv4kMDNSLuPt6,Red (Taylor's Version),6kZ42qRrzov54LcAk4onW9,0.00108,0.516,0.777,1.62e-06,1,0.0761,-4.908,0,0.0375,125.047,0.408,223093
0PurA4JVJ8YQgSVopY8fn6,tolerate it,2Xoteh7uEpea4TohMxjtaq,0.878,0.316,0.361,2.67e-05,9,0.0797,-10.381,1,0.0488,74.952,0.221,245440
3UMrglJeju5yWyYIW6o99b,The Great War,3lS1y25WAhcqJDATJK70Mq,0.219,0.573,0.741,2.23e-05,5,0.0842,-8.987,1,0.0353,96.016,0.554,240356
0z9UVN8VBHJ9HdfYsOuuNf,Safe & Sound - from The Hunger Games Soundtrack,45nqVXRAW0xv0wpU9JljPN,0.883,0.471,0.3,1.05e-05,7,0.0698,-10.807,1,0.028,144.319,0.289,240067
0wavGRldH0AWyu2zvTz8zb,Sweet Nothing,151w1FgRZfnKZA9FEcg9Z3,0.964,0.337,0.156,7.72e-05,0,0.115,-14.919,1,0.0518,176.655,0.39,188497
5yEPktRqvIhko5QFF3aBhQ,Mean,5MfAxS5zz8MlfROjGQVXhy,0.452,0.568,0.761,0,4,0.217,-3.987,1,0.0459,163.974,0.789,237733
0A1JLUlkZkp2EFrosoNQi0,Labyrinth,151w1FgRZfnKZA9FEcg9Z3,0.785,0.406,0.306,0.488,0,0.122,-15.48,1,0.0517,110.014,0.122,247962
7HuBDWi18s4aJM8UFnNheH,King Of My Heart,6DEjYFkNZh67HP7R9PSZvv,0.00882,0.675,0.703,2.21e-06,0,0.0391,-7.902,1,0.0382,110.01,0.314,214320
7dW84mWkdWE5a6lFWxJCBG,‘tis the damn season,2Xoteh7uEpea4TohMxjtaq,0.735,0.575,0.434,6.59e-05,5,0.105,-8.193,1,0.0312,145.916,0.348,229840
0aV5uARAknQgYhBaK944FP,"Would've, Could've, Should've",3lS1y25WAhcqJDATJK70Mq,0.43,0.483,0.84,0.000575,7,0.146,-6.508,1,0.119,157.979,0.55,260362
0dBW6ZsW8skfvoRfgeerBF,Mine,5MfAxS5zz8MlfROjGQVXhy,0.00265,0.624,0.757,1.87e-06,7,0.189,-2.94,1,0.0296,121.07,0.658,230707
0dAb8TY433dl3ZfXYCLE19,All You Had To Do Was Stay,2QJmrSgbdM35R67eoGQo4j,0.00196,0.602,0.736,4.57e-05,5,0.105,-5.778,1,0.0338,96.969,0.471,193293
4wFUdSCer8bdQsrp1M90sa,Highway Don't Care,1O3BsjGx9plSOJ036ZY4Fl,0.0216,0.47,0.79,0,2,0.0863,-5.352,1,0.039,158.061,0.495,276880
3nsfB1vus2qaloUdcBZvDu,All Too Well (Taylor's Version),6kZ42qRrzov54LcAk4onW9,0.0171,0.44,0.528,0.00203,0,0.234,-7.809,1,0.0317,185.972,0.132,329160
7I7JbDv63ZJJsSi24DyJrz,Dancing With Our Hands Tied,6DEjYFkNZh67HP7R9PSZvv,0.0604,0.624,0.691,1.1e-05,0,0.138,-6.686,0,0.196,160.024,0.284,211507
3yII7UwgLF6K5zW3xad3MP,22 (Taylor's Version),6kZ42qRrzov54LcAk4onW9,0.000443,0.642,0.695,1.02e-05,7,0.0753,-5.62,1,0.0281,103.984,0.642,230960
77sMIMlNaSURUAXq5coCxE,Fearless (Taylor’s Version),4hDok0OAJd57SGIT8xuWJH,0.0122,0.569,0.741,0,5,0.333,-4.963,1,0.0282,100.118,0.43,241592
7zMcNqs55Mxer82bvZFkpg,Teardrops On My Guitar - Radio Single Remix,7mzrIsaAjnXihW3InKjlC3,0.288,0.621,0.417,0,10,0.119,-6.941,1,0.0231,99.953,0.289,203040
5hQSXkFgbxjZo9uCwd11so,False God,1NAmidJlEaVgA3MpcPFYGq,0.736,0.739,0.32,0.000147,11,0.111,-10.862,0,0.239,79.97,0.351,200307
06WgOCf0LV2h4keYXDRnuh,Clean,2QJmrSgbdM35R67eoGQo4j,0.241,0.81,0.379,0,4,0.113,-7.771,1,0.0349,103.981,0.22,271000
07NxDD1iKCHbAldceD7QLP,This Is Why We Can't Have Nice Things,6DEjYFkNZh67HP7R9PSZvv,0.0156,0.567,0.789,0,5,0.382,-5.986,1,0.115,163.96,0.438,207133
2ythurkTtSiyfK7GprJoFW,Better Than Revenge,5MfAxS5zz8MlfROjGQVXhy,0.0139,0.516,0.917,6.37e-06,11,0.36,-3.186,0,0.0827,145.821,0.635,217160
2QDyYdZyhlP2fp79KZX8Bi,mad woman,2fenSS68JI1h4Fo296JfGr,0.655,0.592,0.699,1.68e-05,3,0.114,-8.995,1,0.0471,141.916,0.506,237258
5QVVjX0ZItqlVpEuVCM9Yg,This Love (Taylor’s Version),64LU4c1nfjz1t4VnGhagcg,0.299,0.474,0.511,0,1,0.0673,-8.766,0,0.0339,144.022,0.0586,250100
4CkgMiMqZ5JzW9iYXSTMTL,I Bet You Think About Me (feat. Chris Stapleton) (Taylor’s Version) (From The Vault),6kZ42qRrzov54LcAk4onW9,0.167,0.391,0.715,0,0,0.183,-4.516,1,0.0495,149.654,0.473,285107
19CSr8rwW05VJL2F91KFNK,ivy,2Xoteh7uEpea4TohMxjtaq,0.855,0.515,0.545,1.97e-05,2,0.0921,-9.277,1,0.0353,88.856,0.535,260440
01K4zKU104LyJ8gMb7227B,Nothing New (feat. Phoebe Bridgers) (Taylor’s Version) (From The Vault),6kZ42qRrzov54LcAk4onW9,0.817,0.606,0.377,0,0,0.154,-9.455,1,0.0275,101.96,0.446,258813
7MbT4I8qGntX4fMdqMQgke,peace,2fenSS68JI1h4Fo296JfGr,0.918,0.647,0.272,1.73e-05,5,0.0918,-12.906,1,0.0916,150.044,0.339,234000
3O5osWf1rSoKMwe6E9ZaXP,evermore (feat. Bon Iver),2Xoteh7uEpea4TohMxjtaq,0.937,0.39,0.27,0.00227,1,0.111,-10.673,1,0.0308,125.177,0.32,304107
6d9IiDcFxtFVIvt9pCqyGH,Sparks Fly,5MfAxS5zz8MlfROjGQVXhy,0.0396,0.605,0.787,1.42e-06,5,0.163,-3.002,1,0.0308,114.987,0.374,260933
5kHMfzgLZP95O9NBy0ku4v,I Can See You (Taylor’s Version) (From The Vault),5AEDGbliTTfjOB8TSm1sxt,0.0586,0.694,0.764,0,6,0.0608,-4.893,1,0.0337,123.044,0.819,273186
6xsEAm6w9oMQYYg3jkEkMT,Bad Blood,1Tv3rrFNdXGtTeP1plX2xE,0.0294,0.654,0.655,0,11,0.139,-7.388,0,0.106,170.16,0.221,200107
3z6XUommYDWPHeFhmhhT6j,Message In A Bottle (Taylor's Version) (From The Vault),6kZ42qRrzov54LcAk4onW9,0.00188,0.622,0.791,3.72e-06,7,0.083,-6.106,1,0.0535,115.915,0.494,225960
32mVHdy0bi1XKgr0ajsBlG,Picture To Burn,7mzrIsaAjnXihW3InKjlC3,0.173,0.658,0.877,0,7,0.0962,-2.098,1,0.0323,105.586,0.821,173067
2o2sgVJIgFXk8GQjWTgI6U,long story short,2Xoteh7uEpea4TohMxjtaq,0.66,0.546,0.73,0.179,0,0.0972,-7.704,1,0.0417,157.895,0.573,215920
4dYUOfmWna6DFccnz732n8,How You Get The Girl,2QJmrSgbdM35R67eoGQo4j,0.00461,0.764,0.66,0.00477,5,0.0915,-6.136,1,0.0494,119.988,0.524,247533
6N1K5OVVCopBjGViHs2IvP,The Joker And The Queen (feat. Taylor Swift),0vkAczpFKCazPKaoLtnBr0,0.924,0.528,0.309,2.1e-06,0,0.282,-7.398,1,0.0329,133.83,0.307,185422
12ntTeqEeTg7GAVpe8Mhpl,marjorie,2Xoteh7uEpea4TohMxjtaq,0.876,0.535,0.561,0.000136,5,0.115,-11.609,1,0.0484,96.103,0.287,257773
08fa9LFcFBTcilB3iq2e2A,epiphany,2fenSS68JI1h4Fo296JfGr,0.731,0.354,0.267,0.000402,1,0.0858,-13.69,1,0.0281,94.219,0.113,289749
7F5oktn5YOsR9eR5YsFtqb,New Year’s Day,6DEjYFkNZh67HP7R9PSZvv,0.921,0.661,0.151,0,0,0.13,-12.864,1,0.0354,94.922,0.23,235467
6MWoRt97mnSTXZhu3ggi9C,hoax,2fenSS68JI1h4Fo296JfGr,0.966,0.662,0.181,3.86e-06,8,0.133,-15.065,1,0.0415,118.819,0.429,220043
73YUReisjb3A9ActdLLjJQ,happiness,2Xoteh7uEpea4TohMxjtaq,0.87,0.559,0.334,0,11,0.114,-10.733,1,0.0376,122.079,0.211,315147
1XjHRolIXL2M1EEOUsGGR4,cowboy like me,2Xoteh7uEpea4TohMxjtaq,0.768,0.604,0.517,0.000155,0,0.123,-9.014,1,0.0347,127.967,0.511,275040
3k7ne7VmH43ZPWxPdvPUgR,coney island (feat. The National),2Xoteh7uEpea4TohMxjtaq,0.819,0.537,0.537,0.000904,8,0.142,-11.266,1,0.0617,107.895,0.292,275320
7712gjoih4QoDbXpljEk21,Paris,3lS1y25WAhcqJDATJK70Mq,0.112,0.7,0.509,3.27e-05,7,0.137,-10.547,1,0.0789,110.947,0.345,196259
3RBluWmSoG2pGA1OePzGJI,The Story Of Us,5MfAxS5zz8MlfROjGQVXhy,0.00478,0.543,0.818,0.000368,4,0.0357,-3.611,1,0.0398,139.898,0.683,265667
5PxFv9yJEg9dxvbZggykro,So It Goes...,6DEjYFkNZh67HP7R9PSZvv,0.122,0.574,0.61,1.1e-06,2,0.13,-7.283,1,0.0732,74.957,0.374,227907
3wmN11qXGL0HyPojvEE1D9,I Wish You Would,2QJmrSgbdM35R67eoGQo4j,0.016,0.648,0.898,9.91e-05,0,0.109,-5.963,1,0.0513,118.02,0.502,207440
0BiqmkasE5FdrChwKfVp8X,Bigger Than The Whole Sky,3lS1y25WAhcqJDATJK70Mq,0.826,0.422,0.235,0.00648,6,0.115,-12.379,1,0.0568,165.71,0.068,218503
3sW3oSbzsfecv9XoUdGs7h,Enchanted (Taylor's Version),5AEDGbliTTfjOB8TSm1sxt,0.012,0.505,0.532,0,8,0.149,-3.526,1,0.0265,81.907,0.216,353253
670fUmXf4KQekzbEgaXyPA,dorothea,2Xoteh7uEpea4TohMxjtaq,0.696,0.605,0.488,0,4,0.129,-8.322,1,0.0264,119.966,0.354,225880
6iWMI5oOhWrDbLbjmwTWFq,Wonderland,34OkZVpuzBa9y40DCy0LPR,0.0493,0.422,0.692,2.57e-05,3,0.177,-5.447,1,0.0549,184.014,0.197,245560
6pYNq0ZwpPVazKzsqpf0G8,The Very First Night (Taylor's Version) (From The Vault),6kZ42qRrzov54LcAk4onW9,0.00115,0.678,0.733,0,7,0.104,-5.025,1,0.0281,121.009,0.581,200280
24DefNCFiWTP8OjYWiXuYe,Speak Now,5MfAxS5zz8MlfROjGQVXhy,0.095,0.709,0.599,0,7,0.0973,-3.734,1,0.0304,118.975,0.735,240760
7hZuICN5eaCuQyp443RCt6,Dear John,5MfAxS5zz8MlfROjGQVXhy,0.166,0.589,0.47,1.45e-06,4,0.112,-5.32,1,0.028,119.386,0.102,403920
4A2LfnduSTsE8u0ecYROxE,You Are In Love,34OkZVpuzBa9y40DCy0LPR,0.707,0.474,0.48,0.000108,2,0.0903,-8.894,1,0.0622,170.109,0.319,267107
3jBMHD19RZdAqG9iFQh7xc,I Know Places,2QJmrSgbdM35R67eoGQo4j,0.231,0.596,0.763,0,0,0.2,-4.99,1,0.0661,159.958,0.507,195707
4AYtqFyFbX0Xkc2wtcygTr,Soon You’ll Get Better (feat. The Chicks),1NAmidJlEaVgA3MpcPFYGq,0.907,0.433,0.182,0,0,0.123,-12.566,1,0.0641,207.476,0.421,201587
5kiZGSxgqPdv6rbqL9THdd,High Infidelity,3lS1y25WAhcqJDATJK70Mq,0.723,0.646,0.529,0,10,0.0885,-10.179,1,0.0864,87.862,0.755,231475
1MaqkdFNIKPdpQGDzme5ss,Two Is Better Than One (feat. Taylor Swift),7DphDayDRJ1NtRmveflFWD,0.189,0.521,0.702,0,0,0.0962,-5.189,1,0.0331,127.976,0.25,242840
2mvabkN1i2gLnGAPUVdwek,Christmas Tree Farm,5JnnrTE35MQagEnEkFthiF,0.06,0.598,0.68,0,7,0.324,-4.505,1,0.0331,134.002,0.437,228027
3xYJScVfxByb61dYHTwiby,Hits Different,1fnJ7k0bllNfL1kVdNVW1A,0.148,0.672,0.782,4.73e-06,5,0.296,-6.499,1,0.0421,106.026,0.239,234467
4IQkfUsrwXol38VV3U7t7T,Run (feat. Ed Sheeran) (Taylor’s Version) (From The Vault),6kZ42qRrzov54LcAk4onW9,0.817,0.61,0.488,0,3,0.312,-6.918,1,0.0293,125.039,0.443,240227
0eFQWVz0qIxDOvhLpZ40P7,the lakes - bonus track,1pzvBxYgT6OVwJLtHkrdQK,0.842,0.313,0.258,1.3e-06,2,0.0948,-11.532,1,0.0383,179.947,0.268,211813
4uoyvFGK43Of4v9tj0moxC,Begin Again,4jTYApZPMapg56gRycOn0D,0.199,0.53,0.526,3.52e-06,7,0.14,-8.349,1,0.0263,79.025,0.323,239427
4h0EXpatqJImv4VRgvX6po,Last Kiss,5MfAxS5zz8MlfROjGQVXhy,0.57,0.371,0.341,3.09e-05,10,0.101,-9.475,1,0.0319,89.038,0.196,367133
7qEUFOVcxRI19tbT68JcYK,Everything Has Changed (feat. Ed Sheeran) (Taylor’s Version),6kZ42qRrzov54LcAk4onW9,0.271,0.498,0.61,0,6,0.223,-5.098,1,0.0363,79.918,0.474,245427
4OmFmE0fzcMG6g0Y8p4eSD,Better Man (Taylor's Version) (From The Vault),6kZ42qRrzov54LcAk4onW9,0.214,0.473,0.579,0,4,0.0877,-5.824,1,0.0384,73.942,0.255,297013
4zmKGsrXjLmljb5fTaBTot,Snow On The Beach (feat. More Lana Del Rey),1fnJ7k0bllNfL1kVdNVW1A,0.806,0.664,0.401,3.5e-06,6,0.108,-10.934,0,0.0344,109.846,0.315,229943
79uDOz0zuuWS7HWxzMmTa2,Back To December (Taylor's Version),5AEDGbliTTfjOB8TSm1sxt,0.00621,0.497,0.635,0,2,0.117,-3.927,1,0.0273,142.063,0.203,294190
0Om9WAB5RS09L80DyOfTNa,Tim McGraw,7mzrIsaAjnXihW3InKjlC3,0.575,0.58,0.491,0,0,0.121,-6.462,1,0.0251,76.009,0.425,232107
1SmiQ65iSAbPto6gPFlBYm,It’s Nice To Have A Friend,1NAmidJlEaVgA3MpcPFYGq,0.971,0.737,0.175,0.000337,10,0.171,-9.912,1,0.0401,70.008,0.545,150440
2slqvGLwzZZYsT4K4Y1GBC,Only The Young - Featured in Miss Americana,5LGsh3kexUfi3qkIIxb8vK,0.00244,0.56,0.78,0,5,0.0714,-4.895,0,0.0517,93.516,0.602,157507
6Eu31gddWw0gOGO506pJYA,Fearless,2dqn5yOQWdyGwOpOIi9O4x,0.04,0.594,0.712,0,5,0.309,-4.418,1,0.0273,99.972,0.476,241987
4t0OI7XrODjSkAu3bTPmWj,Fifteen,2dqn5yOQWdyGwOpOIi9O4x,0.067,0.556,0.651,0,7,0.145,-4.396,1,0.0266,95.485,0.203,294333
40PXEOFLJc7UIpLMrhSfW1,Babe,1MPAXuTVL2Ej5x0JHiSPq8,0.0221,0.577,0.784,0,1,0.125,-3.266,0,0.101,171.791,0.643,215107
6wn61Fzx9XMxQmieLpoIhW,White Horse,2dqn5yOQWdyGwOpOIi9O4x,0.305,0.578,0.34,0,0,0.104,-8.027,1,0.0264,92.702,0.223,234427
16MVSD0mGI4RMQT83Qzm69,Should've Said No,7mzrIsaAjnXihW3InKjlC3,0.0103,0.476,0.777,0,4,0.196,-3.771,0,0.0289,167.964,0.472,242200
3oKMl2tJv4fdidkXUYMI5x,This Love,2QJmrSgbdM35R67eoGQo4j,0.635,0.475,0.459,0,4,0.101,-8.768,1,0.0333,143.988,0.0828,250093
6lzc0Al0zfZOIFsFvBS1ki,State Of Grace (Taylor's Version),6kZ42qRrzov54LcAk4onW9,0.000328,0.594,0.713,0,9,0.114,-5.314,1,0.0503,129.958,0.328,295413
7G0gBu6nLdhFDPRLc0HdDG,Mine (Taylor's Version),5AEDGbliTTfjOB8TSm1sxt,0.00444,0.646,0.783,1.38e-06,7,0.171,-2.846,1,0.0356,121.08,0.49,231707
35rdVq36LMHQX0Suw9a6tK,closure,2Xoteh7uEpea4TohMxjtaq,0.835,0.689,0.704,4.83e-06,9,0.134,-10.813,1,0.245,151.884,0.92,180653
5vyxXfD5gLlyPxGZMEjtmd,Crazier,1fc8tPf36cZhNYpNFrWh7o,0.0631,0.452,0.544,5.33e-06,4,0.104,-5.423,1,0.0277,133.042,0.158,191947
3QF5RsWzK1lCvf2o2cY65P,Dear Reader,3lS1y25WAhcqJDATJK70Mq,0.481,0.562,0.388,0.00145,0,0.117,-12.088,1,0.0705,107.747,0.159,225194
6wAFvJPpTZVirBKGZ4EnMW,Glitch,3lS1y25WAhcqJDATJK70Mq,0.361,0.675,0.466,0,11,0.11,-9.738,0,0.201,140.864,0.347,148781
0v4z1tuZvn6LGknom9Qx7d,Babe (Taylor's Version) (From The Vault),6kZ42qRrzov54LcAk4onW9,0.0538,0.584,0.743,2.83e-06,4,0.121,-7.075,1,0.0931,167.844,0.746,224240
4CHpVfAhuxNJ3ibExe6kxO,You All Over Me (feat. Maren Morris) (Taylor’s Version) (From The Vault),4hDok0OAJd57SGIT8xuWJH,0.816,0.599,0.494,0,2,0.101,-7.61,1,0.0372,142.893,0.44,220839
28M2gifMU282QBM3fKajIS,Haunted,5MfAxS5zz8MlfROjGQVXhy,0.0826,0.436,0.95,1.08e-06,5,0.149,-2.627,1,0.057,162.088,0.352,242080
73W5aXorr5vxrySFcoZqIN,Renegade,3YbMxdapL6mvSQjosFkc0T,0.44,0.53,0.712,0.0233,0,0.0931,-8.135,1,0.0461,167.964,0.577,254467
6XDBA3QWX51lDJ0oZbaJJN,Long Live,5MfAxS5zz8MlfROjGQVXhy,0.036,0.418,0.68,7.59e-05,7,0.108,-4.3,1,0.0346,204.125,0.142,317947
3S7HNKPakdwNEBFIVTL6dZ,Treacherous (Taylor's Version),6kZ42qRrzov54LcAk4onW9,0.0344,0.645,0.593,0.000127,2,0.13,-6.506,1,0.0288,109.984,0.299,242720
4pNApnaUWAL2J4KO2eqokq,Come Back...Be Here (Taylor's Version),6kZ42qRrzov54LcAk4onW9,0.0158,0.46,0.632,0,4,0.0822,-6.031,1,0.0302,79.846,0.399,223333
1msEuwSBneBKpVCZQcFTsU,Forever & Always (Taylor’s Version),4hDok0OAJd57SGIT8xuWJH,0.0231,0.598,0.821,0,10,0.143,-4.433,1,0.0447,128.03,0.673,225328
0y6kdSRCVQhSsHSpWvTUm7,The Last Time (feat. Gary Lightbody of Snow Patrol) (Taylor’s Version),6kZ42qRrzov54LcAk4onW9,0.0399,0.502,0.534,0,2,0.0977,-5.954,1,0.0278,94.05,0.155,299080
1kdWw77ZpYOkhxeuhzU1j6,it’s time to go - bonus track,6AORtDjduMM3bupSWzbTSG,0.801,0.592,0.41,1.39e-05,0,0.09,-12.426,1,0.0397,151.923,0.416,254640
2nqio0SfWg6gh2eCtfuMa5,Fifteen (Taylor’s Version),4hDok0OAJd57SGIT8xuWJH,0.116,0.559,0.646,0,7,0.32,-4.61,1,0.0272,95.466,0.289,294419
05GsNucq8Bngd9fnd4fRa0,Begin Again (Taylor's Version),6kZ42qRrzov54LcAk4onW9,0.075,0.519,0.527,0,7,0.132,-7.673,1,0.0274,78.915,0.267,238867
1wJL1A0QUHJPf2cm7tsrdw,Never Grow Up,5MfAxS5zz8MlfROjGQVXhy,0.819,0.714,0.305,0,2,0.174,-8.837,1,0.0305,124.91,0.554,290467
0NwGC0v03ysCYINtg6ns58,Better Than Revenge (Taylor's Version),5AEDGbliTTfjOB8TSm1sxt,0.000886,0.496,0.885,0,11,0.191,-2.969,0,0.0803,145.863,0.665,220307
73qMN9bXy7MSPwwGfH3wQr,Sad Beautiful Tragic (Taylor's Version),6kZ42qRrzov54LcAk4onW9,0.622,0.601,0.406,9.19e-05,7,0.133,-11.827,1,0.0275,130.059,0.232,284773
5YL553x8sHderRBDlm3NM3,White Horse (Taylor’s Version),4hDok0OAJd57SGIT8xuWJH,0.369,0.423,0.517,0,0,0.177,-7.377,1,0.0486,185.262,0.366,234516
2r9CbjYgFhtAmcFv1cSquB,I Almost Do (Taylor's Version),6kZ42qRrzov54LcAk4onW9,0.0167,0.511,0.559,0,4,0.113,-6.587,1,0.0264,145.88,0.248,244587
3oGVx9RBmiYGv5ZCecWLkx,Forever Winter (Taylor's Version) (From The Vault),6kZ42qRrzov54LcAk4onW9,0.256,0.611,0.552,0,7,0.134,-5.828,1,0.031,116.012,0.41,263533
3MytWN8L7shNYzGl4tAKRp,Sparks Fly (Taylor’s Version),5AEDGbliTTfjOB8TSm1sxt,0.0251,0.588,0.758,0,5,0.131,-2.347,1,0.0305,114.991,0.387,261231
7eQj6r5PIdYKEIZjucBMcq,Stay Stay Stay (Taylor's Version),6kZ42qRrzov54LcAk4onW9,0.0848,0.693,0.681,0,0,0.0768,-7.039,1,0.025,100.02,0.663,205787
6IH2Z54gYPLqgJtxZjX80i,Back To December - Acoustic,5EpMjweRD573ASl7uNiHym,0.748,0.541,0.453,0,2,0.2,-6.459,1,0.0266,141.757,0.377,292560
550erGcdD9n6PnwxrvYqZT,Hey Stephen (Taylor’s Version),4hDok0OAJd57SGIT8xuWJH,0.106,0.788,0.571,0,6,0.0934,-6.135,1,0.0296,115.99,0.797,254255
3r9bgSJlJz2zlevcBRYXko,Both of Us (feat. Taylor Swift),7qqCw47pAWFzhwTpVRd0zE,0.0213,0.677,0.722,0,7,0.207,-7.088,1,0.0522,125.091,0.0483,216120
7J4b3LVCIGO4CMBDFLPoP6,Holy Ground (Taylor's Version),6kZ42qRrzov54LcAk4onW9,0.0288,0.622,0.809,0.00218,9,0.109,-5.623,1,0.0638,156.894,0.511,202960
1EQn3Uc5AyUXoiPLeyCrrg,Ours,5EpMjweRD573ASl7uNiHym,0.537,0.608,0.569,0,0,0.097,-7.227,1,0.0284,159.845,0.238,237920
4hqJ4bSlYJOXb6Z4SRmzxs,Long Live (Taylor's Version),5AEDGbliTTfjOB8TSm1sxt,0.0122,0.375,0.65,0,0,0.189,-4.031,1,0.0402,203.89,0.0752,317960
4i6cwNY6oIUU2XZxPIw82Y,Karma (feat. Ice Spice),1fnJ7k0bllNfL1kVdNVW1A,0.0623,0.615,0.616,0,8,0.579,-6.523,1,0.0622,89.977,0.0734,201493
5xXqyjLicvEpch72qEryFT,Speak Now (Taylor's Version),5AEDGbliTTfjOB8TSm1sxt,0.248,0.727,0.677,0,7,0.143,-2.871,1,0.0325,118.995,0.639,242473
1zU8j1x3yi9xalMF96pzKp,Dear John (Taylor's Version),5AEDGbliTTfjOB8TSm1sxt,0.0236,0.419,0.47,0,4,0.163,-5.016,1,0.0296,119.294,0.133,405907
5P4wWhUYWM0IaVYLuZxdar,The Way I Loved You,2dqn5yOQWdyGwOpOIi9O4x,0.0408,0.433,0.7,0,5,0.115,-3.709,1,0.0336,160.927,0.398,244227
49mWEy5MgtNujgT7xU3emT,Breathe,2dqn5yOQWdyGwOpOIi9O4x,0.379,0.505,0.482,0,1,0.113,-7.372,1,0.0276,73.975,0.184,263973
7eResoqEJJAVTkQYSqvO3P,That’s When (feat. Keith Urban) (Taylor’s Version) (From The Vault),4hDok0OAJd57SGIT8xuWJH,0.225,0.588,0.608,0,5,0.092,-7.062,1,0.0365,90.201,0.508,189496
4L9QDCVNWIFhf2yr8iMvzA,The Last Time,4jTYApZPMapg56gRycOn0D,0.035,0.505,0.443,3.15e-06,2,0.0906,-7.039,1,0.0276,94.069,0.123,299013
4e5ayHsOLJNLTGfjau2mEw,The Lucky One (Taylor's Version),6kZ42qRrzov54LcAk4onW9,0.066,0.686,0.571,0,4,0.0608,-7.138,1,0.05,117.889,0.538,240467
1Iq8oo9XkmmvCQiGOfORiz,Is It Over Now? (Taylor's Version) (From The Vault),64LU4c1nfjz1t4VnGhagcg,0.0504,0.596,0.658,0,0,0.127,-7.346,1,0.036,100.012,0.176,229478
4Ar3jciiuPXAMGjQpMWo34,I Almost Do,4jTYApZPMapg56gRycOn0D,0.0173,0.567,0.481,4.13e-05,4,0.182,-7.357,1,0.027,145.865,0.233,244560
30Y4CV7A6YqtQtTTo7Ue4j,Mean (Taylor's Version),5AEDGbliTTfjOB8TSm1sxt,0.311,0.524,0.692,0,4,0.192,-3.866,1,0.0369,163.874,0.621,238693
6dTA6y0C2ReQklntzZl8l3,The Story Of Us (Taylor's Version),5AEDGbliTTfjOB8TSm1sxt,0.00192,0.515,0.781,0,4,0.054,-2.608,1,0.0535,139.846,0.57,267653
5gl2F1AWDQlUFzXwA4uY72,State Of Grace,4jTYApZPMapg56gRycOn0D,0.000197,0.588,0.825,0.00138,4,0.0884,-5.882,1,0.0328,129.968,0.397,295720
5eGX87IiKsGuzS3iw4CfCX,September - Recorded at The Tracking Room Nashville,74utZeTCeaXy01BjOddyv8,0.412,0.641,0.444,0.00121,6,0.179,-6.482,1,0.0239,107.081,0.588,187824
3fGnrtrtL1IHSX9t4DKOYf,Cornelia Street - Live From Paris,4CF0YV0iNyfKoDt9jHbGj7,0.578,0.502,0.462,0,11,0.721,-7.526,1,0.0265,97.085,0.304,296013
6iiAfo4wTA2CVC3Uwx9uh8,You’re Not Sorry (Taylor’s Version),4hDok0OAJd57SGIT8xuWJH,0.0538,0.506,0.444,0,6,0.123,-4.99,1,0.0285,133.873,0.241,261843
1cSFlSBdpT4F5vb1frQ231,The Other Side Of The Door (Taylor’s Version),4hDok0OAJd57SGIT8xuWJH,0.0279,0.432,0.873,0,4,0.167,-4.367,1,0.0577,163.936,0.629,238444
0NRHj8hDwwmSPaA41o379r,The Moment I Knew (Taylor's Version),6kZ42qRrzov54LcAk4onW9,0.0494,0.636,0.402,0,7,0.107,-7.855,1,0.031,125.952,0.208,285280
4s8BIKx4Zh6ryAEz8RTlaU,Foolish One (Taylor’s Version) (From The Vault),5AEDGbliTTfjOB8TSm1sxt,0.617,0.671,0.588,0,7,0.111,-4.675,1,0.0299,96.965,0.543,311765
4uuEGH5SVuzkkSFjo2DEiY,Don’t You (Taylor’s Version) (From The Vault),4hDok0OAJd57SGIT8xuWJH,0.514,0.563,0.473,1.2e-05,3,0.109,-11.548,1,0.0503,101.934,0.405,208609
7A2cNLRT0YJc1yjxHlKihs,Starlight (Taylor's Version),6kZ42qRrzov54LcAk4onW9,0.00324,0.628,0.685,0,4,0.18,-5.864,1,0.0358,126.014,0.605,220413
4axSuOg3BqsowKjRpj59RU,Carolina - From The Motion Picture “Where The Crawdads Sing”,5Bwg2XxrjTlrNy6BC7KQZf,0.904,0.476,0.189,4.52e-06,11,0.254,-13.777,0,0.0329,115.851,0.324,264439
4e3ZNTAV6PCrdYMUrUlMpQ,Electric Touch (feat. Fall Out Boy) (Taylor’s Version) (From The Vault),5AEDGbliTTfjOB8TSm1sxt,0.0164,0.547,0.855,0,7,0.144,-4.7,1,0.0597,131.073,0.282,266467
4ABYxlb92WBIjHu7TIKmml,Castles Crumbling (feat. Hayley Williams) (Taylor’s Version) (From The Vault),5AEDGbliTTfjOB8TSm1sxt,0.362,0.576,0.57,0,7,0.0668,-7.925,1,0.0434,147.803,0.378,306062
5A4PQqcpYb0vD1zx5DlObS,Stay Stay Stay,4jTYApZPMapg56gRycOn0D,0.307,0.729,0.748,1.29e-06,0,0.0962,-6.67,1,0.0245,99.981,0.928,205853
0zo975x58DlXbZllWvfYhg,When Emma Falls in Love (Taylor’s Version) (From The Vault),5AEDGbliTTfjOB8TSm1sxt,0.159,0.474,0.763,0,2,0.138,-4.632,1,0.0505,78.133,0.231,252386
7HC7R2D8WjXVcUHJyEGjRs,Breathe (feat. Colbie Caillat) (Taylor’s Version),4hDok0OAJd57SGIT8xuWJH,0.156,0.506,0.626,0,1,0.228,-6.066,1,0.0287,148.035,0.321,263377
6xlCHgsZanRIBaS3yokshA,Treacherous,4jTYApZPMapg56gRycOn0D,0.101,0.704,0.621,4.3e-06,2,0.14,-8.086,1,0.0334,109.995,0.395,242760
1HCdems7PQZRj42QDWLA0A,Timeless (Taylor’s Version) (From The Vault),5AEDGbliTTfjOB8TSm1sxt,0.3,0.624,0.585,0,3,0.0916,-5.847,1,0.0328,142.883,0.65,321397
5iZzl5YlcJaEZjFCcv9j2h,Holy Ground,4jTYApZPMapg56gRycOn0D,0.0162,0.627,0.816,0.00208,4,0.0965,-6.698,1,0.0774,157.043,0.648,202960
5KD6AEm19QnMbfWpfoOHMl,Now That We Don't Talk (Taylor's Version) (From The Vault),64LU4c1nfjz1t4VnGhagcg,0.186,0.793,0.512,3.81e-05,0,0.0889,-9.319,1,0.0338,109.994,0.0662,146437
47HtKpfzpAt8rQjjXWotFj,Forever & Always,2dqn5yOQWdyGwOpOIi9O4x,0.0752,0.608,0.821,0,10,0.11,-4.985,1,0.0576,128.042,0.544,225320
0fAbfDiuQiUwV7FUcFfRGY,Mine - POP Mix,5EpMjweRD573ASl7uNiHym,0.00727,0.695,0.723,1.2e-06,7,0.1,-3.806,1,0.0285,121.011,0.679,230333
5GPwN5iZ9ZMSXAkppj4Uvv,Innocent,5MfAxS5zz8MlfROjGQVXhy,0.186,0.552,0.608,0,1,0.125,-5.29,0,0.0259,134.05,0.17,302253
34V9RiEPe8MNdU32qJsJa1,We Were Happy (Taylor’s Version) (From The Vault),4hDok0OAJd57SGIT8xuWJH,0.849,0.609,0.373,0,0,0.0779,-8.819,1,0.0263,106.007,0.13,244237
71BqAINEnezjQfxE4VuJfq,"""Slut!"" (Taylor's Version) (From The Vault)",64LU4c1nfjz1t4VnGhagcg,0.345,0.629,0.413,7.62e-05,7,0.0603,-13.178,1,0.055,77.983,0.306,180381
0DMVrlMUn01M0IcpDbwgu7,Girl At Home (Taylor's Version),6kZ42qRrzov54LcAk4onW9,0.00955,0.691,0.736,1.88e-05,5,0.101,-6.974,1,0.0326,125.089,0.612,220520
7wjbSn8QHsxqKXU5M0jXGM,Eyes Open,45nqVXRAW0xv0wpU9JljPN,0.00678,0.598,0.724,0.00182,7,0.0839,-7.225,1,0.0345,137.115,0.297,244587
4tMzIAFTFdqGBQLdfbPces,Haunted (Taylor's Version),5AEDGbliTTfjOB8TSm1sxt,0.00667,0.427,0.915,0,5,0.221,-1.909,1,0.0619,162.201,0.355,245413
0q6vsjvnCIWrtwRckCV7y0,If This Was A Movie (Taylor’s Version),6MMVrrxnNgGKg04ze1Pemw,0.105,0.473,0.66,0,4,0.225,-4.737,1,0.0275,147.895,0.29,237022
59KOoHFcw5XfICnO57holu,Last Kiss (Taylor's Version),5AEDGbliTTfjOB8TSm1sxt,0.447,0.55,0.366,4.43e-06,10,0.101,-8.46,1,0.0276,79.401,0.16,369120
4WXzzCof26KJLTK5kK53dS,Hey Stephen,2dqn5yOQWdyGwOpOIi9O4x,0.194,0.841,0.544,2.48e-06,6,0.108,-7.347,1,0.0309,115.994,0.831,254307
0k0vFacOHNuArLWMiH60p7,Tell Me Why (Taylor’s Version),4hDok0OAJd57SGIT8xuWJH,0.0222,0.578,0.909,0,7,0.333,-3.669,1,0.0628,100.023,0.541,200576
4NioO5R9sHEZh4cGzMHyNt,Say Don't Go (Taylor's Version) (From The Vault),64LU4c1nfjz1t4VnGhagcg,0.0656,0.626,0.547,1.67e-05,4,0.149,-8.285,1,0.0342,109.946,0.192,279833
4qUijfYU8EoIWiY6oSyrgT,Bye Bye Baby (Taylor’s Version) (From The Vault),4hDok0OAJd57SGIT8xuWJH,0.334,0.624,0.624,0,5,0.0995,-7.86,1,0.0539,80.132,0.527,242158
0tQ9vBYpldCuikPsbgOVKA,Untouchable (Taylor’s Version),4hDok0OAJd57SGIT8xuWJH,0.0181,0.393,0.531,0,5,0.169,-6.112,1,0.0329,200.391,0.224,312107
2m3ObD945KvpE5y9A1eUWm,Jump Then Fall (Taylor’s Version),4hDok0OAJd57SGIT8xuWJH,0.0474,0.572,0.69,0,2,0.0897,-6.201,1,0.0358,160.111,0.624,237580
0HmCuN0Z3OX1Qrz43FLOPL,You're Not Sorry,2dqn5yOQWdyGwOpOIi9O4x,0.146,0.475,0.452,1.36e-06,6,0.108,-4.134,1,0.027,133.959,0.276,261787
7vBlnGdfOLzVEqiOQQxeU8,The Story Of Us,6S6JQWzUrJVcJLK4fi74Fw,0.000315,0.575,0.855,0.00161,9,0.0419,-4.827,1,0.0467,139.92,0.84,265636
5jAIouBES8LWMiriuNq170,State Of Grace (Acoustic Version) (Taylor's Version),6kZ42qRrzov54LcAk4onW9,0.663,0.445,0.131,1.57e-06,7,0.108,-13.778,1,0.0564,208.918,0.101,321640
2JoJrsEV15OzbijS47lids,Today Was A Fairytale (Taylor’s Version),4hDok0OAJd57SGIT8xuWJH,0.0135,0.482,0.779,0,7,0.296,-5.025,1,0.0409,158.162,0.328,241822
0JIdBrXGSJXS72zjF9ss9u,I'm Only Me When I'm With You,7mzrIsaAjnXihW3InKjlC3,0.00452,0.563,0.934,0.000807,8,0.103,-3.629,1,0.0646,143.964,0.518,213053
3m4mW6nG5V94FkGBE1YvRG,The Lucky One,4jTYApZPMapg56gRycOn0D,0.0371,0.706,0.499,0,4,0.132,-7.675,1,0.0369,117.937,0.545,240267
6ON9UuIq49xXY9GPmHIYRp,The Best Day (Taylor’s Version),4hDok0OAJd57SGIT8xuWJH,0.488,0.642,0.576,0,1,0.159,-8.524,1,0.0282,125.0,0.469,245290
01QdEx6kFr78ZejhQtWR5m,Forever & Always (Piano Version) (Taylor’s Version),4hDok0OAJd57SGIT8xuWJH,0.819,0.546,0.273,0,9,0.137,-9.208,1,0.0308,118.753,0.271,267833
2D1BGzlocoxwNBBf2nMwMk,Starlight,4jTYApZPMapg56gRycOn0D,0.0213,0.649,0.777,0.000335,9,0.21,-5.804,1,0.0406,126.018,0.587,220600
1hjRhYpWyqDpPahmSlUTlc,Style (Taylor's Version),64LU4c1nfjz1t4VnGhagcg,0.000418,0.575,0.824,0.0214,2,0.0901,-4.823,1,0.038,94.971,0.292,231000
0vvt4IZOMkRug195S4MUq0,If This Was A Movie,5EpMjweRD573ASl7uNiHym,0.166,0.511,0.719,4.54e-06,4,0.34,-3.457,1,0.0265,147.852,0.289,234547
645Exr2lJIO45Guht3qyIa,Gasoline (feat. Taylor Swift),396EJBtUzseofX2YCBJVvM,0.0846,0.658,0.717,0.0022,1,0.12,-4.257,0,0.0633,133.074,0.595,193373
5hiqtrACtMJkNpaNHj0n9Z,Come Back...Be Here,1MPAXuTVL2Ej5x0JHiSPq8,0.00471,0.483,0.548,2.01e-06,4,0.0997,-6.291,1,0.0254,79.926,0.217,223920
1n3b9Eekoy3S9ZSZ5DmTW1,All Too Well (Sad Girl Autumn Version) - Recorded at Long Pond Studios,4qgs0gHJBgycj5SKqafFOB,0.838,0.585,0.286,0,0,0.115,-10.123,1,0.0312,93.009,0.189,598150
2Sy2oGjP5RYB4cLVoDU0Gz,Delicate - Seeb Remix,7gU675c7KZ54MzEcL1O3px,0.0956,0.68,0.821,0.00315,0,0.0826,-3.77,1,0.041,105.986,0.571,173266
5qD1xj5lXOaX1ZDpVKZeF3,Sad Beautiful Tragic,4jTYApZPMapg56gRycOn0D,0.632,0.624,0.34,0.0337,7,0.0805,-12.411,1,0.029,129.987,0.261,284867
3esA216TyLHEkNiBCeCmcg,The Best Day,2dqn5yOQWdyGwOpOIi9O4x,0.647,0.666,0.434,1.95e-06,1,0.124,-8.543,1,0.0289,126.084,0.396,245333
2QrQCMel6v2JiLxqrg4p2O,Mary's Song (Oh My My My),7mzrIsaAjnXihW3InKjlC3,0.0177,0.403,0.627,0,2,0.182,-5.28,1,0.0292,74.9,0.374,213080
7N015NTIWGjQDddHUdHPoO,exile (feat. Bon Iver) - the long pond studio sessions,0PZ7lAru5FDFHuirTkWe9Z,0.848,0.359,0.305,6.74e-05,6,0.111,-10.295,1,0.0306,151.956,0.108,279893
2EFZ9emtKWEglWUQGEQ3P9,Never Grow Up (Taylor's Version),5AEDGbliTTfjOB8TSm1sxt,0.851,0.685,0.323,0,2,0.198,-7.103,1,0.0289,125.058,0.569,292920
3ExweHKZF9B752DPQByRVT,Change (Taylor’s Version),4hDok0OAJd57SGIT8xuWJH,0.000191,0.499,0.815,0,5,0.181,-4.063,1,0.0341,95.999,0.344,279360
45wMBGri1PORPjM9PwFfrS,Blank Space (Taylor's Version),64LU4c1nfjz1t4VnGhagcg,0.0976,0.737,0.725,0,0,0.174,-5.417,1,0.0641,96.012,0.755,231833
7nWui6jiMM2m9qFmET1Mtj,Ronan (Taylor's Version),6kZ42qRrzov54LcAk4onW9,0.661,0.623,0.279,0,0,0.193,-10.802,1,0.031,116.04,0.38,264253
7an1exwMnfYRcdVQm0yDev,Cold As You,7mzrIsaAjnXihW3InKjlC3,0.217,0.418,0.482,0,5,0.123,-5.769,1,0.0266,175.558,0.261,239013
6Q237Ts37YGYRIi5Vy5lVX,Safe & Sound (feat. Joy Williams and John Paul White) (Taylor’s Version),1qEs8XpGGduMUF7jfAs5l3,0.771,0.406,0.322,3.77e-06,7,0.0736,-10.953,1,0.0279,144.641,0.244,239668
2hmafYGj1CXYKIYcMnX4lj,cardigan - cabin in candlelight version,3kqqalY92DENp7FiztDOjH,0.9,0.652,0.237,0,0,0.0991,-8.364,0,0.0335,129.976,0.367,228000
6T0sEnqjmHISIKwFETeeiP,Suburban Legends (Taylor's Version) (From The Vault),64LU4c1nfjz1t4VnGhagcg,0.198,0.699,0.621,0,0,0.104,-8.739,1,0.0369,118.048,0.344,171819
73OX8GdpOeGzKC6OvGSbsv,A Place in this World,7mzrIsaAjnXihW3InKjlC3,0.051,0.576,0.777,0,9,0.32,-2.881,1,0.0324,115.028,0.428,199200
3yNJkriPzWjkkDAWHIAVUq,Ours (Taylor’s Version),5AEDGbliTTfjOB8TSm1sxt,0.449,0.535,0.488,0,0,0.111,-8.261,1,0.0278,159.813,0.348,235803
0UAdDYrkCvVQftaKpL6q5f,the lakes - original version,40cMfQDrBCDmOaWZuNEmKq,0.717,0.197,0.406,0.000362,2,0.293,-10.904,1,0.0619,90.053,0.251,227203
045ZeOHPIzhxxsm8bq5kyE,Out Of The Woods (Taylor's Version),64LU4c1nfjz1t4VnGhagcg,0.000512,0.547,0.885,9.37e-05,0,0.39,-5.961,1,0.0418,91.992,0.192,235800
3oF7Or7T35yhQbGxbCGvRX,Death By A Thousand Cuts - Live From Paris,5nDpkszadFMGW6ZSYM9Q1V,0.712,0.584,0.655,0,4,0.97,-5.551,1,0.0306,91.844,0.604,199067
1n2wszmJyVkw6FHqyLnQsY,Come In With The Rain (Taylor’s Version),4hDok0OAJd57SGIT8xuWJH,0.0406,0.476,0.564,0,2,0.102,-5.677,1,0.0269,143.929,0.167,237339
1Fj0T1XKuhRu7EZzJ7NJIK,Delicate - Recorded at The Tracking Room Nashville,74utZeTCeaXy01BjOddyv8,0.577,0.664,0.447,0,0,0.0968,-8.404,1,0.0341,90.976,0.431,228461
12nBPF4Rh4XLFJV0YLN7uj,Innocent (Taylor's Version),5AEDGbliTTfjOB8TSm1sxt,0.101,0.522,0.598,0,1,0.152,-5.327,0,0.0284,133.627,0.149,301222
1hR8BSuEqPCCZfv93zzzz9,Welcome To New York (Taylor's Version),64LU4c1nfjz1t4VnGhagcg,0.00961,0.761,0.607,2.24e-05,7,0.367,-4.83,1,0.0312,116.98,0.674,212600
5RaBeejGtdPEszYEKYECs2,Love Story (Taylor's Version) - Elvira Remix,3x4gaf5IPyFQNrxZY07CXA,0.00215,0.669,0.56,3.23e-05,11,0.264,-8.285,0,0.0352,123.068,0.155,211857
5AsmAjBSSQjRPWgAYIp8tm,The Moment I Knew,1KlU96Hw9nlvqpBPlSqcTV,0.187,0.62,0.506,1.47e-05,7,0.102,-7.327,1,0.0312,126.015,0.275,285560
6INztpNwOTlfSKTuPo0HOP,The Alcott (feat. Taylor Swift),5Mc6uebYtKnRc5I7bjlNB6,0.811,0.368,0.463,0.0017,0,0.109,-10.595,1,0.0302,156.008,0.447,267773
2Ta5c5Z6DvM8GX0U1polSo,willow - dancing witch version (Elvira remix),6WzAiEDGTU7KmEyGwLpBXB,0.458,0.43,0.566,1.56e-05,4,0.536,-10.157,0,0.28,84.032,0.675,184819
3rnI1UCyGJvUTVvT97VQr5,Tell Me Why,2dqn5yOQWdyGwOpOIi9O4x,0.0571,0.604,0.855,3.65e-06,7,0.343,-3.097,1,0.038,99.96,0.51,200547
1P5QpwOgXJuoVTm3CWbnLY,Today Was A Fairytale - US Version,2JK0T590oG0pJckY9HRniL,0.0284,0.485,0.717,5.63e-06,7,0.14,-4.54,1,0.0321,158.047,0.356,241813
51A8eKvvZz9uydvIZ7xRSV,Superstar (Taylor’s Version),4hDok0OAJd57SGIT8xuWJH,0.157,0.454,0.555,0,2,0.343,-6.69,1,0.0283,171.862,0.171,263865
5OOd01o2YS1QFwdpVLds3r,Invisible,7mzrIsaAjnXihW3InKjlC3,0.637,0.612,0.394,0,7,0.147,-5.723,1,0.0243,96.001,0.233,203227
2ZoOmCSgj0ypVAmGd1ve4y,Stay Beautiful,7mzrIsaAjnXihW3InKjlC3,0.0868,0.594,0.629,0,8,0.137,-4.919,1,0.0246,131.597,0.504,236053
4pJi1rVt9GNegU9kywjg4z,Teardrops on My Guitar - Pop Version,7mzrIsaAjnXihW3InKjlC3,0.0402,0.459,0.753,0,10,0.0863,-3.827,1,0.0537,199.997,0.483,179067
6K0CJLVXqbGMeJSmJ4ENKK,Tied Together with a Smile,7mzrIsaAjnXihW3InKjlC3,0.525,0.479,0.578,0,2,0.0841,-4.963,1,0.0294,146.165,0.192,248107
6GXgd1BPD9bUpqw5AntGV5,All You Had To Do Was Stay (Taylor's Version),64LU4c1nfjz1t4VnGhagcg,0.000718,0.586,0.72,0,0,0.0949,-5.556,1,0.035,97.057,0.481,193289
4evLyY5Ue1Wesc61t2KXAU,Superman (Taylor’s Version),5AEDGbliTTfjOB8TSm1sxt,0.0031,0.533,0.742,0,7,0.108,-3.473,1,0.0303,131.93,0.356,274945
2vPMoMDXxu9uX1igWZmXSG,New Romantics (Taylor's Version),64LU4c1nfjz1t4VnGhagcg,0.0068,0.651,0.855,9.81e-06,5,0.0759,-5.959,1,0.0538,121.98,0.698,230178
3pv7Q5v2dpdefwdWIvE7yH,Shake It Off (Taylor's Version),64LU4c1nfjz1t4VnGhagcg,0.0103,0.632,0.807,1.27e-05,7,0.29,-5.676,1,0.0738,160.055,0.921,219209
46HGgtwmmuEB8mvDCyjyAc,Forever & Always - Piano Version,43OpbkiiIxJO8ktIB777Nn,0.852,0.592,0.16,0,9,0.116,-10.785,1,0.0347,118.929,0.294,267507
0gPmM1WtVRg3uENW3o8bfx,Eyes Open (Taylor's Version),1qEs8XpGGduMUF7jfAs5l3,0.000752,0.566,0.764,0.000787,7,0.184,-6.994,1,0.0356,137.019,0.238,243264
1yACRKAwlXWhXXFUSkvzhD,Change,2dqn5yOQWdyGwOpOIi9O4x,0.00408,0.541,0.77,0,5,0.117,-4.17,1,0.0354,96.013,0.215,280240
2ByBBvpR9b7IynvRmnG7kG,Clean (Taylor's Version),64LU4c1nfjz1t4VnGhagcg,0.276,0.771,0.386,2.01e-05,4,0.121,-8.917,1,0.0297,103.96,0.239,271000
2R7C9dDqv1UPycvepBFziA,Superman,5EpMjweRD573ASl7uNiHym,0.0268,0.582,0.765,1.95e-06,7,0.103,-3.648,1,0.0324,131.982,0.559,275960
2QA3IixpRcKyOdG7XDzRgv,The Outside,7mzrIsaAjnXihW3InKjlC3,0.00491,0.589,0.805,0,5,0.24,-4.055,1,0.0293,112.982,0.591,207107
43y1WpBdnEy5TR9aZoSQL9,I Wish You Would (Taylor's Version),64LU4c1nfjz1t4VnGhagcg,0.00357,0.669,0.851,1.04e-05,0,0.0676,-6.526,1,0.0432,118.026,0.541,207650
5zytSTR2g0I9psX2Z12ex6,Jump Then Fall,1MPAXuTVL2Ej5x0JHiSPq8,0.113,0.617,0.699,0,2,0.074,-5.712,1,0.0274,80.007,0.818,238093
64FzgoLZ3oXu2SriZblHic,Bad Blood (Taylor's Version),64LU4c1nfjz1t4VnGhagcg,0.0385,0.619,0.686,0,7,0.307,-6.369,1,0.164,169.943,0.364,211104
2d3d9xZutJjmUpntiyHt3F,Anti-Hero - Acoustic Version,5vgWXUueeEU2labRz6TlNv,0.597,0.624,0.332,0.000679,4,0.195,-9.989,1,0.0365,96.864,0.397,196473
5G9AVKld9q7DCrmoY42raf,State Of Grace - Acoustic,1KlU96Hw9nlvqpBPlSqcTV,0.664,0.626,0.118,0.000169,7,0.127,-15.91,1,0.0305,105.597,0.0682,323080
1Ygm9KdH3wbzDekO8JgxcW,...Ready For It? - BloodPop® Remix,45fMDoh9dhhQicddIZzhKM,0.133,0.582,0.835,0,7,0.102,-4.899,1,0.222,160.09,0.496,189509
2IprIjGNRlj3TfqUWCAo0C,Last Christmas,7vzYp7FrKnTRoktBYsx9SF,0.31,0.702,0.77,0,5,0.149,-5.319,1,0.0372,116.009,0.685,208253
62rlxI6g2PNaWsHoiRryto,Haunted - Acoustic Version,5EpMjweRD573ASl7uNiHym,0.842,0.563,0.443,0,5,0.293,-5.078,1,0.0247,80.962,0.313,217613
2f0GI2ZLUtbGqFx8t2Gk6A,I Know Places (Taylor's Version),64LU4c1nfjz1t4VnGhagcg,0.087,0.575,0.803,0,0,0.0971,-5.393,1,0.0465,160.039,0.68,195700
6cf6rLb8qcklvJv90W6HCW,Girl At Home,1KlU96Hw9nlvqpBPlSqcTV,0.272,0.733,0.59,0,5,0.136,-5.86,1,0.0284,125.048,0.633,220320
75W3SngKzTuoQ94uLf3y82,How You Get The Girl (Taylor's Version),64LU4c1nfjz1t4VnGhagcg,0.00209,0.754,0.682,9.88e-06,5,0.0941,-5.789,1,0.0565,120.027,0.547,247533
2ve0kuaWUCt4Zx8x4bf1MR,Wonderland (Taylor's Version),64LU4c1nfjz1t4VnGhagcg,0.00933,0.462,0.708,1.88e-05,3,0.198,-5.971,1,0.0555,183.811,0.337,245567
2IZ00ed83ygPIiacYScWUE,Untouchable,43OpbkiiIxJO8ktIB777Nn,0.0583,0.419,0.454,3.78e-06,5,0.0974,-6.809,1,0.0335,200.017,0.288,311040
1spLfUJxtyVyiKKTegQ2r4,A Perfectly Good Heart,7mzrIsaAjnXihW3InKjlC3,0.00349,0.483,0.751,0,4,0.128,-5.726,1,0.0365,156.092,0.268,220147
4UwqOWDpdeIDVQDuKT6iza,You Are In Love (Taylor's Version),64LU4c1nfjz1t4VnGhagcg,0.609,0.537,0.495,2.49e-06,9,0.112,-9.416,1,0.0573,84.948,0.492,267389
7ryS0xBZNYjQqql34GCkDp,Daylight - Live From Paris,2apcAEM6coXOMnHitrpRDk,0.794,0.49,0.228,0,0,0.733,-10.504,1,0.0361,75.858,0.217,262320
2msvOEbkK50foYf9BMXr2X,Lover - First Dance Remix,6Ou4LWiU2Vu2V7KdHzw9At,0.687,0.506,0.425,1.08e-06,7,0.158,-8.198,1,0.0343,68.449,0.214,233467
5KxZfCXXmVvKhPo8hQz2pS,Lavender Haze - Felix Jaehn Remix,5LyzI39gkePgpHz38bEQIr,0.0334,0.777,0.717,0.00488,10,0.336,-6.894,1,0.195,119.995,0.634,171562
2oWpe2L8ypC080BxpDVuTY,Anti-Hero - Kungs Remix,7irmI5g3OLC1gUXlxysOWt,0.0266,0.721,0.919,0.001,11,0.348,-5.351,1,0.0878,115.997,0.675,194612
7FKbTRXXIWVFQmPH8zGfU0,The Man - Live From Paris,6l7iXnb2Y4yDR9zag3kckA,0.672,0.343,0.864,0,0,0.962,-5.871,1,0.0875,90.905,0.714,219386
3EPgWM1zfTSzEc0z4AwWTM,cardigan - the long pond studio sessions,0PZ7lAru5FDFHuirTkWe9Z,0.88,0.395,0.234,0,0,0.107,-9.704,0,0.0382,86.478,0.247,230680
05kJkr80XEaZeN8kxyQoFp,Lavender Haze - Acoustic Version,6eKdbTio5viiwJ5FE5J8wU,0.772,0.724,0.554,6.32e-05,7,0.0791,-11.397,0,0.0392,97.075,0.71,174376
3tGq7hWDCtrnL83y5OGual,Message In A Bottle (Fat Max G Remix) (Taylor’s Version),6d8IUfMwq7HGCnR2efXjdm,0.00226,0.684,0.733,0.000125,2,0.273,-4.203,1,0.0422,115.969,0.343,224649
4mqgn90sCeVSYqcoftTQTd,Red - Original Demo Recording,1KlU96Hw9nlvqpBPlSqcTV,0.113,0.678,0.902,0.000235,1,0.0722,-4.659,0,0.0358,124.998,0.637,226280
5mdNyCS7ttVcAyVYOIFEjs,my tears ricochet - the long pond studio sessions,0PZ7lAru5FDFHuirTkWe9Z,0.946,0.531,0.172,1.01e-05,0,0.0615,-12.34,1,0.0351,129.007,0.168,295173
4MGexoZc12lqE0hYkq9YYx,august - the long pond studio sessions,0PZ7lAru5FDFHuirTkWe9Z,0.5,0.554,0.663,4.77e-05,5,0.791,-8.961,1,0.0324,89.977,0.545,260000
7BT9K9BDqq6HI2oWH5UMZQ,Treacherous - Original Demo Recording,1KlU96Hw9nlvqpBPlSqcTV,0.175,0.828,0.64,6.14e-05,2,0.0996,-8.248,1,0.0355,109.993,0.519,239720
16M9Rxid0nXhVmme7lzVwN,Anti-Hero (feat. Bleachers),7irmI5g3OLC1gUXlxysOWt,0.00952,0.631,0.819,0.0043,9,0.101,-7.638,1,0.0367,96.94,0.499,228397
4pl5zcqCv4vc3cB7M4MZ6f,Come In With The Rain,43OpbkiiIxJO8ktIB777Nn,0.0868,0.527,0.475,4.34e-06,2,0.248,-6.205,1,0.0258,143.962,0.224,238107
2evEoQAhIMaa9PfjTT5skG,"Beautiful Ghosts - From The Motion Picture Soundtrack ""Cats""",3OjtXmDVcfHAjJOS3xBoYU,0.85,0.382,0.219,0,4,0.0954,-10.068,1,0.0677,175.561,0.222,261053
1gaLZjPrDnHQWJds2Jg4KT,this is me trying - the long pond studio sessions,0PZ7lAru5FDFHuirTkWe9Z,0.928,0.435,0.332,0.000898,9,0.0867,-11.611,1,0.031,68.097,0.157,209293
6qAcApH8obo8eqatCKUHd9,Bad Blood (feat. Kendrick Lamar) (Taylor's Version),1o59UpKw81iHR0HPiSkJR0,0.0104,0.602,0.648,0,2,0.217,-6.905,1,0.103,170.091,0.174,199773
7Bjf96uNizpvXLvNyOJpst,You Need To Calm Down - Clean Bandit Remix,531nfs5NPsmkRC1LJb1cdj,0.072,0.726,0.88,0.000462,2,0.0906,-4.137,1,0.0581,95.037,0.739,152773
0RFCHlNuTeUHIB36VuVbOL,"Sweeter Than Fiction - From ""One Chance"" Soundtrack",11e4xCXllbvk8pWc1cCas1,0.00164,0.71,0.614,0.000154,6,0.0785,-6.965,1,0.0366,135.012,0.673,237640
0xvsgzM8AtBtRHZm5rav8A,The Other Side Of The Door,43OpbkiiIxJO8ktIB777Nn,0.169,0.476,0.816,0,4,0.238,-4.279,1,0.0347,163.847,0.469,237600
08J4bMHbILkwSIhbtrcvjN,the 1 - the long pond studio sessions,0PZ7lAru5FDFHuirTkWe9Z,0.898,0.708,0.25,0.026,0,0.102,-10.731,1,0.0361,139.803,0.156,219893
2yceD2hx5HhOLgkm1CITCi,mirrorball - the long pond studio sessions,0PZ7lAru5FDFHuirTkWe9Z,0.78,0.509,0.386,3.45e-05,2,0.118,-8.434,1,0.0272,109.993,0.109,237373
14Bljc3pOOG0xQX3wqhLN9,SuperStar,43OpbkiiIxJO8ktIB777Nn,0.367,0.61,0.531,0,2,0.351,-6.123,1,0.0239,85.979,0.228,261453
2RM02ladxD5mgdrlAwh3h9,Teardrops On My Guitar - International Mix,08CWGiv27MVQhYpuTtvx83,0.0178,0.514,0.557,0.00755,10,0.114,-6.307,1,0.0264,99.974,0.152,193640
6C0H8ts9M6deezz0yYR6LK,Anti-Hero - ILLENIUM Remix,20wq0dFrgEhhulGXqnb4A6,0.169,0.6,0.722,0.00017,1,0.288,-4.865,0,0.0438,96.957,0.388,267960
77p4fRpoeiZMtUy3P9kN21,willow - 90's trend remix,5C41iVpK8HXCe3qlLL3I38,0.313,0.6,0.603,0,7,0.0872,-8.696,1,0.0741,168.085,0.379,225107
77d7q9TNbsIDmRTDPkPv3L,willow - lonely witch version,6WzAiEDGTU7KmEyGwLpBXB,0.893,0.628,0.383,0,4,0.148,-9.083,0,0.0427,83.954,0.563,214653
560uQyz3p5G9WdnMX39xc6,illicit affairs - the long pond studio sessions,0PZ7lAru5FDFHuirTkWe9Z,0.883,0.489,0.235,0,10,0.113,-10.274,1,0.0356,117.699,0.435,183720
6mqyTq948oap5AkyTsd6XF,the lakes - the long pond studio sessions,0PZ7lAru5FDFHuirTkWe9Z,0.794,0.606,0.221,0,2,0.0888,-11.767,1,0.0468,89.844,0.112,199733
06FXaDDdg0BzXl15cthMS5,Should've Said No - The 3D Concert Experience,2qLi0Q8fs8YLSDH5WbE8Vc,0.015,0.355,0.984,4.55e-06,4,0.875,-2.549,0,0.0672,168.133,0.338,253800
28tIMaewZuGR8urkvFhQyA,the last great american dynasty - the long pond studio sessions,0PZ7lAru5FDFHuirTkWe9Z,0.743,0.64,0.618,0.004,7,0.0574,-11.715,1,0.0379,147.948,0.614,232347
1IsquhJFJ0qcFZI7FeAEuN,Back To December/Apologize/You're Not Sorry - Live/2011/Medley,6fyR4wBPwLHKcRtxgd4sGh,0.155,0.374,0.516,0,2,0.795,-8.745,1,0.0294,142.057,0.171,362827
0BSmbCIY36iw04azzJ3S0S,Drops Of Jupiter - Live/2011,6fyR4wBPwLHKcRtxgd4sGh,0.806,0.374,0.504,0,2,0.76,-8.407,1,0.0392,109.025,0.27,315173
1u4HUiREUR6vX1W1RYG2Tm,All Too Well (10 Minute Version) (The Short Film),2O1NYIBQCUobrL97A2Unk8,0.323,0.625,0.515,3.53e-05,0,0.0764,-10.202,1,0.0281,93.021,0.193,686022
4cOWq0cVsKjxaQpRMbDoH1,seven - the long pond studio sessions,0PZ7lAru5FDFHuirTkWe9Z,0.914,0.694,0.449,0.000126,4,0.1,-11.49,1,0.0301,94.963,0.363,208987
7wo2UNeQBowm28hfAJsEMz,Birch,3YbMxdapL6mvSQjosFkc0T,0.889,0.644,0.639,0.143,8,0.0993,-13.545,1,0.0466,92.012,0.255,330067
6ClYMObS7f3Nn4AiZHYQt3,Cruel Summer - Live from TS | The Eras Tour,1nqF9ybDGwuGl1rVERp5Q4,0.126,0.278,0.907,0,9,0.89,-4.606,1,0.0827,83.178,0.33,229567
5KByGq0JijSSDcy0qzuINs,invisible string - the long pond studio sessions,0PZ7lAru5FDFHuirTkWe9Z,0.942,0.59,0.282,4.85e-06,7,0.11,-10.542,1,0.0281,83.438,0.351,257360
1mh5dObNoOvCfHmXnhvDEK,betty - the long pond studio sessions,0PZ7lAru5FDFHuirTkWe9Z,0.841,0.538,0.316,0,9,0.119,-9.5,0,0.0299,95.68,0.518,290040
06zIBqLC9ZRm5i0iMf0kHI,Renegade - Pop Version,49yiYOnz2UyaNl72xvDERt,0.315,0.341,0.726,6.27e-05,0,0.0948,-7.271,1,0.0699,167.949,0.63,231527
6F67FNdOBNMFzxdj1CQ5pL,Lavender Haze - Snakehips Remix,5LyzI39gkePgpHz38bEQIr,0.055,0.679,0.804,3.43e-06,10,0.37,-5.226,1,0.142,109.866,0.481,187511
0QTBsdoJhamY3Aid3fOsOd,hoax - the long pond studio sessions,0PZ7lAru5FDFHuirTkWe9Z,0.962,0.682,0.155,0,8,0.18,-13.083,1,0.0394,118.832,0.483,221800
5VDHMi7own9vDZjiwDES1e,Wildest Dreams - R3hab Remix,4vkDxA22dFzObjOY1nnXPk,0.00429,0.584,0.809,0,8,0.0888,-4.352,1,0.0387,130.104,0.247,198107
3RNDw7yywLNyawDKV99hTx,Love Story - Digital Dog Remix,2Z2KdJE0nGGu0qdWA45mza,0.0126,0.729,0.637,0.0326,2,0.0908,-5.796,1,0.0384,128.017,0.508,358573
1hm4V38egkiHOgxTUpu0zg,betty - Live from the 2020 Academy of Country Music Awards,27cx8eVCV4xMwJEYJNl1nw,0.69,0.417,0.441,0,0,0.128,-4.956,1,0.026,88.058,0.498,312139
2fgiBCtbWo8pijF6M7pN1i,The Archer - Live From Paris,2A1msASmUbUdaZyeOxpbAD,0.167,0.473,0.54,0.00213,0,0.858,-9.085,1,0.0425,125.022,0.0995,210960
4lD3RXyvHpJsM3BhIEC4aA,Lover - Live From Paris,7hvsmGyWH2kJS5X4E4t039,0.168,0.277,0.605,0.00246,7,0.954,-7.076,1,0.0398,68.541,0.479,229733
4YHHz3VIXgNDGdoL9xC1tx,peace - the long pond studio sessions,0PZ7lAru5FDFHuirTkWe9Z,0.93,0.619,0.344,7.61e-05,5,0.0734,-11.472,1,0.0647,149.897,0.513,214373
1aBJNc2thaKyh5THWzIqHX,Sparks Fly - Live/2011,6fyR4wBPwLHKcRtxgd4sGh,0.00917,0.455,0.783,0,5,0.918,-5.184,1,0.0393,114.981,0.298,336827
04xrhDrQ2WOW8GLwu7kbc0,mad woman - the long pond studio sessions,0PZ7lAru5FDFHuirTkWe9Z,0.887,0.663,0.465,0.000168,3,0.109,-10.463,1,0.0408,141.834,0.346,238333
12xIjI9A9UlB6zEc7kyZ06,"Carolina - ""Where The Crawdads Sing"" - Video Edition",5Bwg2XxrjTlrNy6BC7KQZf,0.893,0.364,0.185,0,11,0.269,-13.045,0,0.0374,115.727,0.42,163944
71IScwIe7bcIlpnlkbKVQw,Santa Baby,7vzYp7FrKnTRoktBYsx9SF,0.159,0.759,0.509,0,5,0.153,-6.593,1,0.0271,107.948,0.75,158600
4yyKppX85ZkmlGOC2toBZA,epiphany - the long pond studio sessions,0PZ7lAru5FDFHuirTkWe9Z,0.916,0.524,0.2,0.000392,1,0.068,-13.004,1,0.0274,93.87,0.113,274880
6KF9xd2hBLuexrmBX4vUWD,Bette Davis Eyes - Live/2011,6fyR4wBPwLHKcRtxgd4sGh,0.713,0.327,0.488,0,6,0.837,-9.287,1,0.0322,104.46,0.363,189147
3lm4L3pPL32PFy74dR17OR,Enchanted - Live/2011,6fyR4wBPwLHKcRtxgd4sGh,0.0747,0.34,0.663,2.34e-06,8,0.563,-5.597,1,0.0331,163.678,0.214,389213
5F7hpFKLmWgMHGxQuwssuv,willow - moonlit witch version,6WzAiEDGTU7KmEyGwLpBXB,0.421,0.339,0.644,0.00024,7,0.136,-8.608,1,0.223,79.08,0.538,208867
6SYwJcqaltK2WFRmD1unUV,Delicate - Sawyr And Ryan Tedder Mix,7HEXQkjBNiZilJcTWXwLOA,0.0242,0.692,0.552,0.000671,0,0.0955,-7.41,1,0.0407,102.001,0.247,184282
72GIZuUXo14oyrS0si3Rgc,The Story Of Us - Live,6fyR4wBPwLHKcRtxgd4sGh,0.00048,0.419,0.908,0,9,0.815,-5.156,1,0.0651,139.813,0.472,290520
7mFiEij8AXPUZB7aKLbUlQ,Mean - Live/2011,6fyR4wBPwLHKcRtxgd4sGh,0.154,0.429,0.915,0,4,0.693,-4.373,1,0.069,163.752,0.432,246373
7yndkPYP6YQQLBpPsizDfh,Mine - Live/2011,6fyR4wBPwLHKcRtxgd4sGh,0.00233,0.496,0.852,0,7,0.554,-4.775,1,0.0373,120.969,0.442,259280
0Nw8hv79MLJa1yjtsEgz08,Ronan,4T5606j6qpkQrWlwbKPLOp,0.646,0.565,0.255,0,0,0.127,-10.152,1,0.0314,57.964,0.174,265307
68QyrSzpnoU04AAhE5z8lj,Ours - Live/2011,6fyR4wBPwLHKcRtxgd4sGh,0.715,0.421,0.355,0,0,0.867,-10.21,1,0.0298,77.769,0.267,245973
4DbI1rr4IQ2bc8nejy9ttd,Dear John - Live/2011,6fyR4wBPwLHKcRtxgd4sGh,0.0157,0.521,0.386,0,4,0.884,-8.784,1,0.0301,119.518,0.138,404680
36a08nLG1xazGaaVKK0vv7,You Need To Calm Down - Live From Paris,1w1zVWd1JmsqAgfCw117Ra,0.0637,0.595,0.832,2.25e-05,7,0.818,-6.467,1,0.0463,85.01,0.742,203960
4KB3zBArZ1rHRExilzycaV,I Want You Back - Live/2011,6fyR4wBPwLHKcRtxgd4sGh,0.794,0.536,0.512,0.000122,6,0.497,-6.794,1,0.0341,97.397,0.249,83253
6505MLhnqTDDg4tjoUz2Wp,Better Than Revenge - Live/2011,6fyR4wBPwLHKcRtxgd4sGh,0.00306,0.445,0.887,2.67e-05,11,0.931,-5.629,0,0.0768,145.954,0.386,344573
5fOV54t6mMYv3H9CsnvU81,ME! - Live From Paris,1jIp7CChnwdj9zUCvPxzQ7,0.0428,0.545,0.935,0.000514,0,0.976,-6.584,1,0.0456,91.014,0.552,213027
4JQm7ebhsrt10wmrP6AfXL,I Know Places - Voice Memo,34OkZVpuzBa9y40DCy0LPR,0.829,0.592,0.128,0,9,0.527,-17.932,0,0.589,78.828,0.15,216333
4YrpqEBNuz7IMsZtUP6bNQ,Anti-Hero - Jayda G Remix,7irmI5g3OLC1gUXlxysOWt,0.0607,0.791,0.769,3.54e-05,1,0.0809,-6.64,0,0.0622,120.013,0.812,215697
5QkzyLUb4ggojNDp8G2OxX,Long Live - Live/2011,6fyR4wBPwLHKcRtxgd4sGh,0.0053,0.544,0.728,0,7,0.865,-5.838,1,0.0282,101.939,0.204,376467
5Ct2PYPUSogyWvbV40k9Bf,Our Song - International Mix,08CWGiv27MVQhYpuTtvx83,0.00739,0.516,0.696,1.11e-06,2,0.354,-4.833,1,0.0301,177.936,0.664,199933
3QFB14MOUf3imlyISNmrbT,Speak Now - Live/2011,6fyR4wBPwLHKcRtxgd4sGh,0.0636,0.615,0.694,1.28e-06,7,0.83,-5.251,1,0.0318,118.876,0.373,248147
6hH37tyeRdyan1mAppmVor,Last Kiss - Live/2011,6fyR4wBPwLHKcRtxgd4sGh,0.205,0.427,0.395,8.73e-06,0,0.701,-12.551,1,0.0291,79.517,0.188,369067
6znB7YZhMJT2B83zfbiyLq,Haunted - Live/2011,6fyR4wBPwLHKcRtxgd4sGh,0.0245,0.338,0.818,0,5,0.889,-7.495,1,0.0496,162.157,0.177,292427
7r7j12XctfJqZWXsy1Zq9L,Christmas Tree Farm (Old Timey Version),5f4rbgZJhYp4hgswKri00b,0.402,0.487,0.486,0,0,0.401,-6.548,1,0.0334,129.765,0.529,232656
1g09DZjQ7yBommCT6POY2n,Christmases When You Were Mine,7vzYp7FrKnTRoktBYsx9SF,0.646,0.625,0.206,0,7,0.0915,-12.568,1,0.0285,79.466,0.392,184253
31JVjy3XWnh6C2zf4kLCXN,Christmas Must Be Something More,7vzYp7FrKnTRoktBYsx9SF,0.298,0.689,0.793,0,7,0.107,-4.838,1,0.0356,122.879,0.506,232147
0yisH8r0f3Mkq34kjzUlCV,Blank Space - Voice Memo,34OkZVpuzBa9y40DCy0LPR,0.801,0.675,0.234,0,5,0.657,-15.064,0,0.721,127.296,0.578,131187
0pjBqAz8GlxGlpaU4W0DxS,Cruel Summer - LP Giobbi Remix,1nqF9ybDGwuGl1rVERp5Q4,0.0893,0.731,0.722,0.00256,9,0.112,-9.098,1,0.0691,122.99,0.265,192900
4TtyvyI42C0KFnbDZvNC8Y,I Wish You Would - Voice Memo,34OkZVpuzBa9y40DCy0LPR,0.717,0.781,0.357,0,0,0.185,-16.394,1,0.912,118.317,0.645,107133
7GZ3KDorsc1yWndEtzGTjf,White Christmas,7vzYp7FrKnTRoktBYsx9SF,0.587,0.562,0.392,0,9,0.224,-9.014,1,0.0287,145.792,0.514,154000
7JKwboSAWRHJI5U1XGTqS3,Big Star (with Taylor Swift) - Live,2njb3cHa1yhUMdu8PT2VhY,0.00761,0.557,0.978,2.42e-06,0,0.951,-4.819,1,0.0584,119.992,0.522,306507
1cJkUN5LAotktryx2nPCr7,Silent Night,7vzYp7FrKnTRoktBYsx9SF,0.621,0.423,0.311,0,7,0.0987,-7.581,1,0.0319,119.546,0.134,209893
5lA0yK8S5tP3xoaRMCp4Ug,Love Story - Pop Mix,1iab5rfjNpGhoPlFzPyp4k,0.0317,0.718,0.755,1.9e-05,2,0.137,-3.319,1,0.0382,119.003,0.49,233653
5zOKuItOTZhRCGtPrDYmlj,"Macavity - From The Motion Picture Soundtrack ""Cats""",3OjtXmDVcfHAjJOS3xBoYU,0.124,0.522,0.428,0,10,0.146,-8.673,1,0.118,114.862,0.151,311000
4XiypEn8iKbeP1TbTqdfk5,Anti-Hero - Roosevelt Remix,7irmI5g3OLC1gUXlxysOWt,0.322,0.716,0.737,0.000264,4,0.152,-6.763,1,0.0343,110.99,0.804,299203
7kjSmkSo15pHlkb0mOQtfj,Lavender Haze - Tensnake Remix,5LyzI39gkePgpHz38bEQIr,0.182,0.773,0.777,0.00621,7,0.0988,-6.723,0,0.0461,109.028,0.803,214967
4RBKAqJ3qyvvriDG0s9IJ3,Love Story - Live From Clear Channel Stripped 2008,1ycoesYxIFymXWebfmz828,0.659,0.741,0.444,0,2,0.131,-7.031,1,0.0311,119.006,0.512,221028
4VbErhGDMTnvPAnt5z70DL,You're Not Sorry - CSI Remix,5sZIjREu3s225wwqJkgsYV,0.0516,0.601,0.744,0.0111,6,0.117,-5.269,1,0.0369,133.95,0.484,262440
0ThxqUZ9PwS6n0UT5i1XH6,Lavender Haze - Jungle Remix,5LyzI39gkePgpHz38bEQIr,0.312,0.65,0.713,0.104,1,0.221,-9.428,1,0.042,124.006,0.331,235932
2ziekbazMdLS2Gtdo78RID,Christmas Tree Farm - Recorded Live at the 2019 iHeartRadio Jingle Ball,5lIglDJlPaEoqVl2hhi3O0,0.419,0.512,0.736,0,0,0.887,-5.519,1,0.0372,133.953,0.527,253866
4aBW31cmkA7BLColUsMEeZ,Beautiful Eyes - Live From Clear Channel Stripped 2008,1ycoesYxIFymXWebfmz828,0.596,0.627,0.704,0,3,0.0598,-3.739,1,0.0269,98.958,0.457,176316
4i0M7glXqIIRKPwbLtpExi,Love Story - J Stax Radio Mix,6tgMb6LEwb3yj7BdYy462y,0.00664,0.696,0.827,0.0031,9,0.297,-6.464,1,0.0313,127.997,0.324,221800
5g7RMU3cV7zXWH244BLe7G,Fearless - Live From Clear Channel Stripped 2008,1ycoesYxIFymXWebfmz828,0.814,0.623,0.266,0,5,0.145,-5.894,1,0.026,96.601,0.467,198247
5a9hUL6ZuiagZhazwrtwHF,Should've Said No - Live From Clear Channel Stripped 2008,1ycoesYxIFymXWebfmz828,0.399,0.429,0.808,0,7,0.0884,-3.004,1,0.0677,171.537,0.438,228474
4DjevQhsPWULcondN4mRh5,Teardrops On My Guitar - Live From Clear Channel Stripped 2008,1ycoesYxIFymXWebfmz828,0.664,0.344,0.801,0,10,0.106,-5.373,1,0.0574,204.489,0.615,196347
7EvU9pRoJ9Xs7anx0P7tEc,Picture To Burn - Live From Clear Channel Stripped 2008,1ycoesYxIFymXWebfmz828,0.266,0.647,0.872,0,7,0.419,-1.953,1,0.0524,105.798,0.684,173899
4MbHDiHQjhmoVAV75G04Ql,Untouchable - Live From Clear Channel Stripped 2008,1ycoesYxIFymXWebfmz828,0.856,0.731,0.184,0,5,0.0927,-9.235,1,0.0418,102.404,0.331,222959
6N6V2v89hS4N9ossON5f9R,Blank Space - Karaoke Version,0bEySlRAkuPxV9KVWhXXBr,0.0381,0.605,0.69,0.00943,5,0.113,-4.914,1,0.0522,191.998,0.593,228598
5JtXBqKLdfzwedmlUjjqAm,Don't Blame Me - Karaoke Version,1MHuZZrGT36cXLxAQ5cLP3,0.211,0.55,0.456,0.532,9,0.0291,-7.122,0,0.038,135.843,0.0764,236413
4twNUyTpLMPWokYmCdFDCH,...Ready For It? - Karaoke Version,1MHuZZrGT36cXLxAQ5cLP3,0.0155,0.606,0.814,0.264,11,0.193,-8.128,0,0.0716,160.004,0.191,207173
1Qicm51crXMvUuH4SMjobT,Style - Karaoke Version,0bEySlRAkuPxV9KVWhXXBr,0.000585,0.57,0.841,0.821,2,0.104,-6.12,1,0.0312,94.996,0.468,230303
7Ae2hYOcJmLbGCYIA3M1VM,Hey Stephen - Commentary,3EzFY9Rg0PpbADMth746zi,0.881,0.806,0.28,0,8,0.179,-12.117,1,0.881,47.607,0.623,69146
1zz0XSmHCFd57ne04UAp38,Look What You Made Me Do - Karaoke Version,1MHuZZrGT36cXLxAQ5cLP3,0.0228,0.764,0.373,0.224,9,0.112,-9.283,0,0.0546,127.966,0.0709,211200
69o9kr9UexjzeZDE8yD8dQ,Change - Live From Clear Channel Stripped 2008,1ycoesYxIFymXWebfmz828,0.156,0.243,0.712,0,5,0.111,-4.307,1,0.0577,202.319,0.273,258487
1yVVoBDzSkFkZRWtq9x3u1,All Too Well - Commentary,4jTYApZPMapg56gRycOn0D,0.841,0.806,0.362,0,6,0.151,-12.527,1,0.926,123.849,0.75,45862
5Iadj8IBPrt634WW0yGPRI,Delicate - Karaoke Version,1MHuZZrGT36cXLxAQ5cLP3,0.249,0.714,0.332,0.148,9,0.0649,-12.043,0,0.0505,94.999,0.0429,232253
4omftH10jc82Sj8VJ395C7,Shake It Off - Karaoke Version,0bEySlRAkuPxV9KVWhXXBr,0.00154,0.705,0.829,0.853,7,0.462,-6.105,1,0.0977,160.029,0.831,217567
2hecdut2HWM5JMHqLTWThq,I Did Something Bad - Karaoke Version,1MHuZZrGT36cXLxAQ5cLP3,0.169,0.756,0.517,0.158,8,0.0588,-7.517,1,0.194,83.01,0.178,238253
7bdyzcQ0onk60hfsxDCd2X,Getaway Car - Karaoke Version,1MHuZZrGT36cXLxAQ5cLP3,0.00515,0.497,0.682,0.768,2,0.0923,-8.663,1,0.043,172.06,0.158,233627
0kfTOGpi5eZCBxcRF5LFIh,We Are Never Ever Getting Back Together - Commentary,4jTYApZPMapg56gRycOn0D,0.811,0.701,0.312,0,5,0.131,-11.818,0,0.934,68.151,0.538,106042
2vTjAIZbfW7W8NGBOZ5rK5,I Knew You Were Trouble. - Commentary,4jTYApZPMapg56gRycOn0D,0.86,0.679,0.35,0,0,0.101,-11.252,1,0.889,87.576,0.598,67356
2rLYkfJSgTPtOTLjYEdozL,I Almost Do - Commentary,4jTYApZPMapg56gRycOn0D,0.845,0.766,0.232,0,6,0.129,-11.455,1,0.805,95.101,0.648,52626
3cAHqw3B2deaHRXV9WrYAA,Breathe - Commentary,3EzFY9Rg0PpbADMth746zi,0.873,0.796,0.202,0,1,0.17,-14.718,1,0.895,99.358,0.739,62665
7HbZuazpPbDDMkb8Tmvxq0,State Of Grace - Commentary,4jTYApZPMapg56gRycOn0D,0.821,0.69,0.364,0,8,0.14,-11.709,0,0.912,88.084,0.539,90441
4sFwzqXqNcNV3cTyTybq0M,Stay Stay Stay - Commentary,4jTYApZPMapg56gRycOn0D,0.785,0.729,0.281,0,10,0.153,-11.491,0,0.919,77.449,0.651,119456
1wePVBS4L6xhCvVUItPAZQ,22 - Commentary,4jTYApZPMapg56gRycOn0D,0.775,0.757,0.367,0,8,0.127,-10.56,0,0.919,133.933,0.51,63017
3lD0QBGaxvoc9WBDnGHFUi,Treacherous - Commentary,4jTYApZPMapg56gRycOn0D,0.7,0.634,0.357,0,9,0.185,-12.868,0,0.956,173.317,0.497,55289
1BXM0X5BxyUUOLEf9Rv6uZ,Wildest Dreams - Karaoke Version,0bEySlRAkuPxV9KVWhXXBr,0.0909,0.544,0.586,0.818,8,0.139,-10.553,1,0.0348,140.09,0.441,218706
1VPHQriwOsy5aGHLwwZyho,Call It What You Want - Karaoke Version,1MHuZZrGT36cXLxAQ5cLP3,0.0943,0.594,0.454,0.705,9,0.755,-13.01,1,0.0401,164.028,0.139,202173
2GZNZLMvT3gjCEPd6NNvvQ,Love Story - Instrumental with BGV,1CYlmaXajTC59VJWSSeE7Y,0.0189,0.61,0.753,0.487,2,0.108,-5.869,1,0.0315,119.036,0.172,239120
64FIHbthA4RhBv6fL6DGBO,Welcome To New York - Karaoke Version,0bEySlRAkuPxV9KVWhXXBr,0.0471,0.823,0.635,0.188,7,0.348,-6.293,1,0.0465,116.989,0.36,209389
1VW4AEDihVs3BQB6KnTYIY,Red - Commentary,4jTYApZPMapg56gRycOn0D,0.719,0.754,0.266,0,1,0.137,-11.695,1,0.879,92.483,0.487,64443
4WrJR6LJ8MtIxouKHUkTEM,Out Of The Woods - Karaoke Version,0bEySlRAkuPxV9KVWhXXBr,2.71e-05,0.49,0.924,0.804,7,0.408,-6.497,1,0.0344,92.021,0.0487,233608
2BDqAaVKzQDnoVPZbdp68D,You Belong With Me - Commentary,3EzFY9Rg0PpbADMth746zi,0.795,0.792,0.263,0,8,0.161,-12.043,1,0.938,126.254,0.728,48248
4CyL8bBbVRYB0ogadF4aUS,Style - Commentary,6EsTJnpahwW6xX20zvqQgZ,0.68,0.646,0.337,0,9,0.247,-14.97,1,0.926,88.155,0.621,62377
4cag67C3v9ToeFivUwDUsE,End Game - Karaoke Version,1MHuZZrGT36cXLxAQ5cLP3,0.000908,0.746,0.528,0.443,7,0.0713,-6.304,1,0.0449,159.043,0.0719,243827
7D4bd801muwRfuo5F3KkGk,Love Story - Commentary,3EzFY9Rg0PpbADMth746zi,0.81,0.715,0.26,0,1,0.179,-12.643,1,0.922,90.743,0.594,82547
3ZHTwJzCNDFvjLpVQiqpH6,Gorgeous - Karaoke Version,1MHuZZrGT36cXLxAQ5cLP3,0.036,0.76,0.462,0.467,7,0.266,-7.646,1,0.0484,92.03,0.335,209680
7F67ujlSkp8PT7uaDPuOjP,White Horse - Commentary,3EzFY9Rg0PpbADMth746zi,0.796,0.778,0.237,0,4,0.147,-12.989,1,0.931,103.247,0.832,51984
5ckUacHVEsmgJI7akKHadD,Out Of The Woods - Commentary,6EsTJnpahwW6xX20zvqQgZ,0.732,0.663,0.24,0,8,0.19,-15.988,0,0.93,93.705,0.577,106993
22Zg9JjEgM0JV5HvLXNJAh,The Last Time - Commentary,4jTYApZPMapg56gRycOn0D,0.819,0.745,0.371,0,9,0.124,-12.403,0,0.951,94.766,0.49,87473
3ZfvKQxJp4zZshiJsRPoD1,Dancing With Our Hands Tied - Karaoke Version,1MHuZZrGT36cXLxAQ5cLP3,0.0844,0.426,0.529,0.0986,8,0.101,-7.953,1,0.17,75.958,0.217,211493
1SARZTSJ1YeXgImYzpSxef,Tell Me Why - Commentary,3EzFY9Rg0PpbADMth746zi,0.64,0.689,0.267,0,9,0.356,-12.169,0,0.928,99.948,0.807,43076
13tYZVTtzLUJTlM7m1ivbi,New Year's Day - Karaoke Version,1MHuZZrGT36cXLxAQ5cLP3,0.944,0.452,0.0639,2.91e-05,0,0.137,-16.349,1,0.0471,94.963,0.0767,235507
2ag2oLCwlFIA88hQrLMHzv,Starlight - Commentary,4jTYApZPMapg56gRycOn0D,0.809,0.707,0.315,0,10,0.2,-11.719,0,0.927,134.89,0.702,52710
4fiLVxZ0UAsWAzUwGqkZA9,Blank Space - Commentary,6EsTJnpahwW6xX20zvqQgZ,0.827,0.684,0.272,0,7,0.209,-15.652,0,0.887,100.356,0.547,90066
4YugJd2i96PHwaflBauhXi,Welcome to New York - Commentary,6EsTJnpahwW6xX20zvqQgZ,0.839,0.627,0.226,0,5,0.286,-15.595,0,0.95,77.502,0.612,104533
0HTZpLa2SjBmuJ6zJ7OqMm,Holy Ground - Commentary,4jTYApZPMapg56gRycOn0D,0.86,0.756,0.297,0,10,0.181,-13.778,0,0.957,87.227,0.471,79998
5EsfyTD26nlVQ0DtYo16uJ,King Of My Heart - Karaoke Version,1MHuZZrGT36cXLxAQ5cLP3,0.00256,0.64,0.622,0.00328,0,0.038,-9.626,1,0.0324,110.028,0.145,214333
3rMskQgCc54bAQUfE0U4Fw,Sad Beautiful Tragic - Commentary,4jTYApZPMapg56gRycOn0D,0.794,0.747,0.413,0,5,0.175,-12.898,1,0.953,84.382,0.415,61613
3JayaISg308IVZhUY0XUXe,Begin Again - Commentary,4jTYApZPMapg56gRycOn0D,0.709,0.677,0.286,0,7,0.141,-12.23,1,0.934,95.371,0.656,65305
5Gz9GFSwHObbmjSRHgTphe,Fearless - Instrumental with BGV,1CYlmaXajTC59VJWSSeE7Y,0.00224,0.536,0.671,0.858,5,0.133,-5.934,1,0.0263,100.055,0.373,245107
633FwmKmrHWn6sLTL3db72,Everything Has Changed - Commentary,4jTYApZPMapg56gRycOn0D,0.718,0.785,0.306,0,6,0.242,-13.125,1,0.896,101.873,0.558,57768
4EwrLjUsIF0PINB6sLZj3l,I Knew You Were Trouble. - Karaoke Version,63lVCnv8B30qedCiTlAc9J,0.000886,0.686,0.353,0.0694,3,0.0456,-8.935,0,0.0466,77.018,0.558,220853
1J22bFnVC6Rmjxby941PDf,The Lucky One - Commentary,4jTYApZPMapg56gRycOn0D,0.736,0.668,0.329,0,6,0.143,-12.858,0,0.954,78.286,0.355,73455
02DtaJ6ADr4uQJbKEdpxxj,You Belong With Me - Instrumental with BGV,1CYlmaXajTC59VJWSSeE7Y,0.00592,0.677,0.723,0.76,6,0.104,-6.6,1,0.0346,130.004,0.221,234133
6bzWVosI1yQkHUrN22cMWE,Bad Blood - Karaoke Version,0bEySlRAkuPxV9KVWhXXBr,0.0399,0.66,0.838,0.00186,7,0.238,-6.765,1,0.103,170.003,0.165,209842
0C5x4DoaPegrWqchk4SuLu,Wildest Dreams - Commentary,6EsTJnpahwW6xX20zvqQgZ,0.849,0.755,0.247,0,10,0.363,-14.931,1,0.891,86.883,0.681,77876
0MtU9ETYyVX8YPBDCYPdMb,This Is Why We Can't Have Nice Things - Karaoke Version,1MHuZZrGT36cXLxAQ5cLP3,0.00927,0.594,0.757,0.000236,5,0.401,-5.384,1,0.0572,163.948,0.214,205693
2GZI4YxTKT07KaQZAMmz5N,I Wish You Would - Commentary,6EsTJnpahwW6xX20zvqQgZ,0.796,0.627,0.266,0,9,0.292,-15.426,1,0.929,79.281,0.646,89648
3Aelp7PlkDvBvCPqvyIopZ,Fifteen - Commentary,3EzFY9Rg0PpbADMth746zi,0.791,0.787,0.178,0,10,0.142,-15.183,0,0.93,61.867,0.773,66743
4CWLOxjskk6fjixCboD4vJ,Shake It Off - Commentary,6EsTJnpahwW6xX20zvqQgZ,0.772,0.729,0.278,0,8,0.199,-15.463,0,0.935,87.915,0.629,98494
2k0w1FGqvzVPgQ9VdTaJpe,Dress - Karaoke Version,1MHuZZrGT36cXLxAQ5cLP3,0.0348,0.682,0.457,0.0205,0,0.217,-11.087,1,0.0387,120.029,0.0383,230387
7C7usPxKM74lA8HJbCqZnz,Fearless - Commentary,3EzFY9Rg0PpbADMth746zi,0.787,0.715,0.275,0,9,0.2,-12.397,0,0.93,108.767,0.655,54397
1V7nao9bFNvjFrmrnSz19Y,You're Not Sorry - Commentary,3EzFY9Rg0PpbADMth746zi,0.783,0.746,0.27,0,8,0.147,-13.099,0,0.918,62.327,0.668,81998
2juzwShPy28xL3umOogU3u,How You Get The Girl - Commentary,6EsTJnpahwW6xX20zvqQgZ,0.824,0.752,0.368,0,11,0.671,-15.081,1,0.925,79.214,0.838,72861
0ruvufCIGCWaf67Tb8R64O,Enchanted - Instrumental With Background Vocals,3QXlUpSDgakWZK2WqQv0pF,0.00282,0.524,0.551,0.857,8,0.149,-6.141,1,0.0291,164.064,0.0926,356107
0Xtgj2RuEo5FInZ0b4KYuY,Bad Blood - Commentary,6EsTJnpahwW6xX20zvqQgZ,0.854,0.627,0.312,0,4,0.153,-14.772,1,0.927,81.512,0.571,81498
3To1MBLD7WqFoWEeiLDBzq,All Too Well - Karaoke Version,63lVCnv8B30qedCiTlAc9J,0.00669,0.597,0.64,0.745,0,0.148,-10.02,1,0.0281,93.004,0.298,330767
7lzMAvyDZyZm1hPMLpfIXy,The Way I Loved You - Commentary,3EzFY9Rg0PpbADMth746zi,0.873,0.823,0.25,0,8,0.167,-12.734,0,0.937,111.601,0.767,44283
4vWXPp6Tuf6ury2dCh0uAI,All You Had To Do Was Stay - Karaoke Version,0bEySlRAkuPxV9KVWhXXBr,0.000201,0.628,0.716,0.052,5,0.209,-6.377,1,0.0346,97.01,0.599,191583
57USOybNwyjN8ZUZLm9hra,Forever & Always - Commentary,3EzFY9Rg0PpbADMth746zi,0.857,0.702,0.251,0,8,0.193,-13.557,1,0.939,67.722,0.715,73900
2eZbyz03ZHkqpZz2Vw3KXy,This Love - Commentary,6EsTJnpahwW6xX20zvqQgZ,0.828,0.736,0.323,0,11,0.262,-15.49,1,0.934,78.761,0.657,79896
5oJUjUsBZcqyEhOdpif37h,So It Goes... - Karaoke Version,1MHuZZrGT36cXLxAQ5cLP3,0.072,0.256,0.53,0.284,2,0.202,-10.173,1,0.045,76.84,0.25,227907
2MzoTHyQgopGUL8ABcOAyr,The Best Day - Commentary,3EzFY9Rg0PpbADMth746zi,0.773,0.643,0.304,0,3,0.4,-12.174,1,0.905,84.469,0.697,49788
1NTxT72xu3GkYq5wIq0RG5,Change - Commentary,3EzFY9Rg0PpbADMth746zi,0.625,0.772,0.334,0,10,0.372,-11.779,0,0.865,78.855,0.54,47438
6xxSYpv0gGX7V7Bikx1gGy,I Know Places - Commentary,6EsTJnpahwW6xX20zvqQgZ,0.745,0.742,0.29,0,11,0.212,-15.169,1,0.921,113.854,0.629,79269
0w5HrA1s3WZIqAUYicJo0A,Clean - Commentary,6EsTJnpahwW6xX20zvqQgZ,0.844,0.685,0.28,0,8,0.316,-16.219,0,0.895,99.561,0.61,146697
7AiIXVMIrTqHlGn7bS3f31,Clean - Karaoke Version,0bEySlRAkuPxV9KVWhXXBr,0.241,0.856,0.371,0.819,4,0.111,-9.921,1,0.0425,103.999,0.384,269207
7J4cg1IeDWDY4oE19CaIra,Mine - Instrumental With Background Vocals,3QXlUpSDgakWZK2WqQv0pF,3.52e-05,0.6,0.701,0.72,7,0.0848,-5.72,1,0.0334,121.053,0.631,241107
1AjXK5Gi1kkMRYGBjALDMr,Red - Karaoke Version,63lVCnv8B30qedCiTlAc9J,0.00174,0.611,0.871,0.369,1,0.0914,-6.24,0,0.0313,124.997,0.675,223699
7juXSUrMEd7f9ljLk7Pria,This Love - Karaoke Version,0bEySlRAkuPxV9KVWhXXBr,0.669,0.482,0.397,0.833,4,0.0899,-10.138,1,0.0285,143.962,0.064,247167
2p2iPBELfsen9imWH0NkId,Fifteen - Instrumental with BGV,1CYlmaXajTC59VJWSSeE7Y,0.0046,0.396,0.641,0.296,7,0.127,-8.717,1,0.0285,191.014,0.243,298107
5fWNEKU1JTe07KsrJ7stft,Back To December - Instrumental With Background Vocals,3QXlUpSDgakWZK2WqQv0pF,0.00385,0.524,0.636,0.29,2,0.161,-7.37,1,0.0264,141.967,0.316,296227
3g7PbLRaKm2MmfHNyMbjJn,I Wish You Would - Karaoke Version,0bEySlRAkuPxV9KVWhXXBr,0.000811,0.591,0.944,0.512,0,0.135,-6.179,1,0.0432,117.991,0.185,204916
4Dzma7nri1H2XNQ7b8Fs5b,I Know Places - Karaoke Version,0bEySlRAkuPxV9KVWhXXBr,0.0112,0.64,0.713,0.0126,0,0.64,-6.634,1,0.0606,80.014,0.413,193811
0uBYyYTfuuDigZvBN6HnUt,How You Get The Girl - Karaoke Version,0bEySlRAkuPxV9KVWhXXBr,0.000133,0.731,0.624,0.829,5,0.0811,-7.092,1,0.0457,120.012,0.467,245420
6t9JL24FVFzXtpLlp6x5tZ,We Are Never Ever Getting Back Together - Karaoke Version,63lVCnv8B30qedCiTlAc9J,0.000137,0.59,0.574,0.716,7,0.0483,-8.42,1,0.0375,85.977,0.571,194707
4511PLndxxMcob8Qq5KHNw,Tim McGraw - Commentary,2rU7u7C2v5i45MFVxx7xG1,0.872,0.634,0.278,0,9,0.127,-12.692,0,0.945,171.246,0.653,109691
6trbb1ao6xqh6FjKc0BRYF,Long Live - Commentary,75N0Z60SNMQbAPYZuxKgWd,0.712,0.782,0.272,0,6,0.226,-14.986,1,0.939,74.299,0.681,41770
0VsL7c4EBrLgaNfHQep2oy,Teardrops On My Guitar - Radio Single Remix / Commentary,2rU7u7C2v5i45MFVxx7xG1,0.862,0.732,0.299,0,3,0.18,-12.416,1,0.941,84.758,0.551,64665
4A7shC8pd0ddDSqrvETTsu,Sparks Fly - Instrumental With Background Vocals,3QXlUpSDgakWZK2WqQv0pF,0.000535,0.599,0.726,0.696,2,0.213,-5.266,0,0.0295,114.985,0.357,264120
248qgqZNy5T5KsGHgTxeIM,New Romantics - Karaoke Version,0bEySlRAkuPxV9KVWhXXBr,0.000636,0.61,0.95,0.304,5,0.273,-4.936,1,0.047,121.995,0.588,227744
3t5kblMAefsRy9O9vOjkR4,White Horse - Instrumental with BGV,1CYlmaXajTC59VJWSSeE7Y,0.24,0.392,0.356,0.361,0,0.0991,-11.235,1,0.0332,185.714,0.239,238120
3MqHevAhUErYJoC1ceESEe,Back To December - Commentary,75N0Z60SNMQbAPYZuxKgWd,0.611,0.716,0.185,0,6,0.243,-15.663,1,0.909,128.394,0.642,54805
3y40XaB0r8LwJzECdhXqmq,Picture To Burn - Commentary,2rU7u7C2v5i45MFVxx7xG1,0.864,0.791,0.286,0,7,0.14,-12.078,1,0.942,60.266,0.512,59670
